#
# A fatal error has been detected by the Java Runtime Environment:
#
#  SIGSEGV (0xb) at pc=0x00007ff9006c8e29, pid=18043, tid=18229
#
# JRE version: OpenJDK Runtime Environment (27.0) (build 27)
# Java VM: OpenJDK 64-Bit Server VM (27, mixed mode, sharing, tiered, compressed oops, compact obj headers, g1 gc, linux-amd64)
# Problematic frame:
# C  [spark-359c691e887-libasyncProfiler.so.tmp+0x35e29]  Recording::writeCpool(Buffer*)+0x1f99
#
# Core dump will be written. Default location: Determined by the following: "/usr/lib/systemd/systemd-coredump %P %u %g %s %t %c %h %d %F %I" (alternatively, falling back to /run/nedia/carmen/change/Projects/Potato/server/core.18043)
#
# If you would like to submit a bug report, please visit:
#   https://bugreport.java.com/bugreport/crash.jsp
# The crash happened outside the Java Virtual Machine in native code.
# See problematic frame for where to report the bug.
#

---------------  S U M M A R Y ------------

Command Line: -Xms4G -Xmx7G fabric-server-mc.1.21.8-loader.0.19.3-launcher.1.1.1.jar nogui

Host: Intel(R) Core(TM) i7-14650HX, 24 cores, 31G, Arch Linux
Time: Sat Oct  3 19:13:26 2026 CST elapsed time: 65.597967 seconds (0d 0h 1m 5s)

---------------  T H R E A D  ---------------

Current thread (0x00007ff91949eca0):  JavaThread "spark-async-sampler-worker-thread"        [_thread_in_native, id=18229, stack(0x00007ff900291000,0x00007ff900391000) (1024K)]

Stack: [0x00007ff900291000,0x00007ff900391000],  sp=0x00007ff90038f1d0,  free space=1016k
Native frames: (J=compiled Java code, j=interpreted, Vv=VM code, C=native code)
C  [spark-359c691e887-libasyncProfiler.so.tmp+0x35e29]  Recording::writeCpool(Buffer*)+0x1f99
C  [spark-359c691e887-libasyncProfiler.so.tmp+0x37dfd]  Recording::finishChunk()+0x65d
C  [spark-359c691e887-libasyncProfiler.so.tmp+0x382e8]  FlightRecorder::stop() [clone .isra.1143] [clone .part.1144]+0xa8
C  [spark-359c691e887-libasyncProfiler.so.tmp+0x386c5]  Profiler::stop(bool)+0x1e5
C  [spark-359c691e887-libasyncProfiler.so.tmp+0x38798]  Java_one_profiler_AsyncProfiler_stop0+0x18
j  me.lucko.spark.lib.asyncprofiler.AsyncProfiler.stop0()V+0
j  me.lucko.spark.lib.asyncprofiler.AsyncProfiler.stop()V+1
j  me.lucko.spark.common.sampler.async.AsyncProfilerJob.stop()V+8
j  me.lucko.spark.common.sampler.async.AsyncSampler.rotateProfilerJob()V+20
j  me.lucko.spark.common.sampler.async.AsyncSampler$$Lambda+0x000000008aa53c00.run()V+4
j  java.util.concurrent.Executors$RunnableAdapter.call()Ljava/lang/Object;+4 java.base@27
j  java.util.concurrent.FutureTask.runAndReset()Z+44 java.base@27
j  java.util.concurrent.ScheduledThreadPoolExecutor$ScheduledFutureTask.run()V+35 java.base@27
j  java.util.concurrent.ThreadPoolExecutor.runWorker(Ljava/util/concurrent/ThreadPoolExecutor$Worker;)V+92 java.base@27
j  java.util.concurrent.ThreadPoolExecutor$Worker.run()V+5 java.base@27
j  java.lang.Thread.runWith(Ljava/lang/Object;Ljava/lang/Runnable;)V+5 java.base@27
j  java.lang.Thread.run()V+19 java.base@27
v  ~StubRoutines::call_stub_stub (stub gen) 0x00007ff96f6604a0
V  [libjvm.so+0x749818]
V  [libjvm.so+0x74a3cb]
V  [libjvm.so+0x847883]
V  [libjvm.so+0x755601]
V  [libjvm.so+0xa94e58]
C  [libc.so.6+0x98042]
Java frames: (J=compiled Java code, j=interpreted, Vv=VM code)
j  me.lucko.spark.lib.asyncprofiler.AsyncProfiler.stop0()V+0
j  me.lucko.spark.lib.asyncprofiler.AsyncProfiler.stop()V+1
j  me.lucko.spark.common.sampler.async.AsyncProfilerJob.stop()V+8
j  me.lucko.spark.common.sampler.async.AsyncSampler.rotateProfilerJob()V+20
j  me.lucko.spark.common.sampler.async.AsyncSampler$$Lambda+0x000000008aa53c00.run()V+4
j  java.util.concurrent.Executors$RunnableAdapter.call()Ljava/lang/Object;+4 java.base@27
j  java.util.concurrent.FutureTask.runAndReset()Z+44 java.base@27
j  java.util.concurrent.ScheduledThreadPoolExecutor$ScheduledFutureTask.run()V+35 java.base@27
j  java.util.concurrent.ThreadPoolExecutor.runWorker(Ljava/util/concurrent/ThreadPoolExecutor$Worker;)V+92 java.base@27
j  java.util.concurrent.ThreadPoolExecutor$Worker.run()V+5 java.base@27
j  java.lang.Thread.runWith(Ljava/lang/Object;Ljava/lang/Runnable;)V+5 java.base@27
j  java.lang.Thread.run()V+19 java.base@27
v  ~StubRoutines::call_stub_stub (stub gen) 0x00007ff96f6604a0

siginfo: si_signo: 11 (SIGSEGV), si_code: 1 (SEGV_MAPERR), si_addr: 0x0000000000025094

Registers:
RAX=0x0000000001fffffd, RBX=0x00007ff92c00d250, RCX=0x00007ff919630768, RDX=0x0000000000000004
RSP=0x00007ff90038f1d0, RBP=0x00007ff90038f330, RSI=0x00007ff92c00d1b0, RDI=0x00007ff92c00d070
R8 =0x00007ff92c00d1b0, R9 =0x00007ff92c00d110, R10=0x0000000000000000, R11=0x0000000000000000
R12=0x0000000000025094, R13=0x00007ff919528740, R14=0x00007ff92c00d278, R15=0x00007ff92c00d250
RIP=0x00007ff9006c8e29, EFLAGS=0x0000000000010202, CSGSFS=0x002b000000000033, ERR=0x0000000000000004
  TRAPNO=0x000000000000000e

XMM[0]=0x0000000000000000 0x0000000000000000
XMM[1]=0x2f62696c2f6b646a 0x6e65706f2d37322d
XMM[2]=0x0000000000000000 0x0000ff0000000000
XMM[3]=0x0000000000000000 0x0000ff0000000000
XMM[4]=0x0000000000000001 0x0000000000000001
XMM[5]=0x0000000000000008 0x0000000000000010
XMM[6]=0x0000000000000000 0x0000000000000000
XMM[7]=0x2f2f2f2f2f2f2f2f 0x2f2f2f2f2f2f2f2f
XMM[8]=0x0000000000000002 0x0000000000000002
XMM[9]=0xffffffffffffffff 0xffffffffffffffff
XMM[10]=0x0000000000000001 0x0000000000000001
XMM[11]=0x1da93f4b1da93f4b 0x1da93f4b0c0da123
XMM[12]=0x0000000000000000 0x00000000ee6461d8
XMM[13]=0x0000000000000000 0x0000000000000044
XMM[14]=0x0000000000000000 0xff00000000ff0000
XMM[15]=0x0000000000000000 0x0000000000000000
  MXCSR=0x00001fa3


Register to memory mapping:

RAX=0x0000000001fffffd is an unknown value
RBX=0x00007ff92c00d250 points into unknown readable memory: 0x00007ff900000000 | 00 00 00 00 f9 7f 00 00
RCX=0x00007ff919630768 points into unknown readable memory: 0x0000000000000000 | 00 00 00 00 00 00 00 00
RDX=0x0000000000000004 is an unknown value
RSP=0x00007ff90038f1d0 is pointing into the stack for thread: 0x00007ff91949eca0
RBP=0x00007ff90038f330 is pointing into the stack for thread: 0x00007ff91949eca0
RSI=0x00007ff92c00d1b0 points into unknown readable memory: 0x00007ff900000001 | 01 00 00 00 f9 7f 00 00
RDI=0x00007ff92c00d070 points into unknown readable memory: 0x00007ff900000001 | 01 00 00 00 f9 7f 00 00
R8 =0x00007ff92c00d1b0 points into unknown readable memory: 0x00007ff900000001 | 01 00 00 00 f9 7f 00 00
R9 =0x00007ff92c00d110 points into unknown readable memory: 0x00007ff900000001 | 01 00 00 00 f9 7f 00 00
R10=0x0 is null
R11=0x0 is null
R12=0x0000000000025094 is an unknown value
R13=0x00007ff919528740 points into unknown readable memory: 0x808080dd000000e5 | e5 00 00 00 dd 80 80 80
R14=0x00007ff92c00d278 points into unknown readable memory: 0x0000000408509501 | 01 95 50 08 04 00 00 00
R15=0x00007ff92c00d250 points into unknown readable memory: 0x00007ff900000000 | 00 00 00 00 f9 7f 00 00

Top of Stack: (sp=0x00007ff90038f1d0)
0x00007ff90038f1d0:   1da93f4b0c0da123 00007ff9185183d8   #...K?....Q.....
0x00007ff90038f1e0:   00007ff90038f270 00007ff92c008344   p.8.....D..,....
0x00007ff90038f1f0:   00007ff900000000 00007ff9000000c3   ................
0x00007ff90038f200:   00007ff92c00c1f0 00007ff900000003   ...,............
0x00007ff90038f210:   00007ff8f78049c8 00007ff92c00d070   .I......p..,....
0x00007ff90038f220:   00007ff919630768 00007ff8f7804a00   h.c......J......
0x00007ff90038f230:   00007ff919528740 00007ff919528740   @.R.....@.R.....
0x00007ff90038f240:   00007ff919528744 00007ff90038f290   D.R.......8.....
0x00007ff90038f250:   00007ff90038f260 e4fba296b1eda400   `.8.............
0x00007ff90038f260:   0000000000000018 0000000000025d73   ........s]......
0x00007ff90038f270:   0000000000000054 0000000000004700   T........G......
0x00007ff90038f280:   0000000000000002 8000000000000006   ................
0x00007ff90038f290:   00007ff91949f128 0000000000000000   (.I.............
0x00007ff90038f2a0:   00007ff92c00c5b0 00007ff92c00c1f0   ...,.......,....
0x00007ff90038f2b0:   00007ff92c00d030 000000000000003a   0..,....:.......
0x00007ff90038f2c0:   00007ff919630760 00007ff918518460   `.c.....`.Q.....
0x00007ff90038f2d0:   00007ff92c00a1d0 00007ff900000001   ...,............
0x00007ff90038f2e0:   00007ff92c00b1e0 00007ff900000001   ...,............
0x00007ff90038f2f0:   00007ff91949f128 00007ff987ee53fa   (.I......S......
0x00007ff90038f300:   00007ff90038f420 00007ff919528740    .8.....@.R.....
0x00007ff90038f310:   000000000000d3bf 00007ff90038f380   ..........8.....
0x00007ff90038f320:   0000000000000007 0000000000000000   ................
0x00007ff90038f330:   00007ff90038f3c0 00007ff9006cadfd   ..8.......l.....
0x00007ff90038f340:   00007ff90038f3c8 00007ff918518488   ..8.......Q.....
0x00007ff90038f350:   0000000300000024 0000000100000002   $...............
0x00007ff90038f360:   00007ff91964a6a4 00007ff918518490   ..d.......Q.....
0x00007ff90038f370:   00007ff919528744 0000720000000004   D.R..........r..
0x00007ff90038f380:   0000000000000ea0 000000000a27e58a   ..........'.....
0x00007ff90038f390:   00007ff90038f3d0 00007ff919528740   ..8.....@.R.....
0x00007ff90038f3a0:   00007ff9185204b0 00007ff9185205f8   ..R.......R.....
0x00007ff90038f3b0:   0000000000000000 00007ff91949eca0   ..........I.....
0x00007ff90038f3c0:   00007ff90038f420 00007ff9006cb2e8    .8.......l.....

Instructions: (pc=0x00007ff9006c8e29)
  0x00007ff9006c8d29:   49 8d 34 14 f3 a6 0f 97 c1 80 d9 00 84 c9 0f 84
  0x00007ff9006c8d39:   ab 14 00 00 48 89 c2 4c 89 e6 4c 89 f7 e8 75 70
  0x00007ff9006c8d49:   fd ff 4c 89 f7 89 43 34 e8 5a c8 fd ff c7 43 50
  0x00007ff9006c8d59:   03 00 00 00 89 43 38 8b 43 2c e9 48 f1 ff ff 0f
  0x00007ff9006c8d69:   1f 84 00 00 00 00 00 4c 8d bd 40 ff ff ff 4c 89
  0x00007ff9006c8d79:   e1 be 20 00 00 00 31 c0 48 8d 15 bb a1 02 00 4c
  0x00007ff9006c8d89:   89 ff e8 a0 04 fd ff 48 8d 7d 90 31 c9 4c 89 fa
  0x00007ff9006c8d99:   4c 89 f6 e8 ef b4 ff ff 8b 43 2c e9 07 f1 ff ff
  0x00007ff9006c8da9:   0f 1f 80 00 00 00 00 41 0f bf 44 24 fc 66 85 c0
  0x00007ff9006c8db9:   0f 88 41 08 00 00 48 8b 15 c2 c0 03 00 8b 8a 28
  0x00007ff9006c8dc9:   c4 00 00 39 c8 0f 8d 2c 08 00 00 48 98 48 8b 84
  0x00007ff9006c8dd9:   c2 28 84 00 00 4c 8b 38 4d 85 ff 0f 84 16 08 00
  0x00007ff9006c8de9:   00 4c 89 ff be 2f 00 00 00 e8 69 04 fd ff 48 8d
  0x00007ff9006c8df9:   50 01 48 85 c0 4c 0f 45 fa 48 8d 7d 90 4c 89 f9
  0x00007ff9006c8e09:   4c 89 e2 4c 89 f6 e8 7c b4 ff ff 8b 43 2c e9 94
  0x00007ff9006c8e19:   f0 ff ff 0f 1f 40 00 80 3d cb ae 03 00 00 74 1b
=>0x00007ff9006c8e29:   49 8b 3c 24 48 85 ff 0f 84 ca 02 00 00 e8 15 61
  0x00007ff9006c8e39:   fd ff 48 85 c0 0f 84 bc 02 00 00 4c 8b 35 e5 ae
  0x00007ff9006c8e49:   03 00 45 31 c0 48 c7 85 28 ff ff ff 00 00 00 00
  0x00007ff9006c8e59:   48 8d 8d 40 ff ff ff 48 c7 85 30 ff ff ff 00 00
  0x00007ff9006c8e69:   00 00 48 8d 95 38 ff ff ff 4c 89 e6 49 8b 06 4c
  0x00007ff9006c8e79:   89 f7 48 c7 85 38 ff ff ff 00 00 00 00 48 c7 85
  0x00007ff9006c8e89:   40 ff ff ff 00 00 00 00 ff 90 f8 01 00 00 85 c0
  0x00007ff9006c8e99:   75 3e 49 8b 06 48 8d 95 28 ff ff ff 4c 89 e6 4c
  0x00007ff9006c8ea9:   89 f7 ff 90 00 02 00 00 85 c0 75 24 49 8b 06 31
  0x00007ff9006c8eb9:   c9 48 8d 95 30 ff ff ff 4c 89 f7 48 8b b5 28 ff
  0x00007ff9006c8ec9:   ff ff ff 90 78 01 00 00 85 c0 0f 84 47 13 00 00
  0x00007ff9006c8ed9:   48 8b 7d 98 41 bf 33 d9 a1 83 e8 78 c9 fd ff 48
  0x00007ff9006c8ee9:   8b 55 b0 48 89 9d f0 fe ff ff 89 43 30 4c 89 ad
  0x00007ff9006c8ef9:   e8 fe ff ff 4d 89 f5 4d 89 e6 49 89 d4 44 89 fb
  0x00007ff9006c8f09:   83 e3 7f 48 89 d8 48 c1 e0 05 49 8d 0c 04 48 89
  0x00007ff9006c8f19:   85 c8 fe ff ff 4c 8b 11 4d 85 d2 0f 84 16 07 00


Stack slot to memory mapping:

stack at sp + 0 slots: 0x1da93f4b0c0da123 is an unknown value
stack at sp + 1 slots: 0x00007ff9185183d8 points into unknown readable memory: 0x0000000000000000 | 00 00 00 00 00 00 00 00
stack at sp + 2 slots: 0x00007ff90038f270 is pointing into the stack for thread: 0x00007ff91949eca0
stack at sp + 3 slots: 0x00007ff92c008344 points into unknown readable memory: 07 00 00 00
stack at sp + 4 slots: 0x00007ff900000000 is an unknown value
stack at sp + 5 slots: 0x00007ff9000000c3 is an unknown value
stack at sp + 6 slots: 0x00007ff92c00c1f0 points into unknown readable memory: 0x00007ff900000001 | 01 00 00 00 f9 7f 00 00
stack at sp + 7 slots: 0x00007ff900000003 is an unknown value

Lock stack of current Java thread (top to bottom):
LockStack[0]: [Ljava.lang.Object; 
{0x0000000780eca798} - klass: 'java/lang/Object'[] - flags: is_cloneable_fast 

 - length: 0


---------------  P R O C E S S  ---------------

Threads class SMR info:
_java_thread_list=0x00007ff930001db0, length=51, elements={
0x00007ff98013de90, 0x00007ff98013ede0, 0x00007ff9801401a0, 0x00007ff980141800,
0x00007ff980142fa0, 0x00007ff980145150, 0x00007ff980146a60, 0x00007ff9801512f0,
0x00007ff980153890, 0x00007ff980e4acc0, 0x00007ff981955e90, 0x00007ff981a51b90,
0x00007ff981aaa9e0, 0x00007ff98027e390, 0x000055d4b175f7b0, 0x00007ff8fc002e10,
0x00007ff908509dc0, 0x000055d4b175ed10, 0x00007ff909081e70, 0x00007ff981d1cfe0,
0x00007ff9800194d0, 0x00007ff918239c10, 0x00007ff918286a10, 0x00007ff91832b380,
0x00007ff91949eca0, 0x00007ff9194a0610, 0x00007ff919935d40, 0x000055d4b18a0590,
0x00007ff9400f1ac0, 0x00007ff94d78e8f0, 0x00007ff94846ec10, 0x00007ff9540fd490,
0x00007ff9500056b0, 0x00007ff958013c10, 0x00007ff981b3b520, 0x000055d4b16141d0,
0x00007ff8fce13e20, 0x00007ff9090849e0, 0x00007ff904200d50, 0x00007ff9102870e0,
0x00007ff90c278bd0, 0x00007ff919a1aaa0, 0x00007ff914146f80, 0x00007ff920001040,
0x00007ff91c0168b0, 0x00007ff91c017810, 0x00007ff9245fefc0, 0x00007ff930002e00,
0x00007ff930009830, 0x00007ff9280e41b0, 0x00007ff919ca30e0
}

Java Threads: ( => current thread )
  0x00007ff98013de90 JavaThread "Reference Handler"          daemon [_thread_blocked, id=18058, stack(0x00007ff95effd000,0x00007ff95f0fd000) (1024K)]
  0x00007ff98013ede0 JavaThread "Finalizer"                  daemon [_thread_blocked, id=18059, stack(0x00007ff95f1ff000,0x00007ff95f2ff000) (1024K)]
  0x00007ff9801401a0 JavaThread "Signal Dispatcher"          daemon [_thread_blocked, id=18060, stack(0x00007ff95e700000,0x00007ff95e800000) (1024K)]
  0x00007ff980141800 JavaThread "Service Thread"             daemon [_thread_blocked, id=18061, stack(0x00007ff95e5ff000,0x00007ff95e6ff000) (1024K)]
  0x00007ff980142fa0 JavaThread "Monitor Deflation Thread"   daemon [_thread_blocked, id=18062, stack(0x00007ff95e4fe000,0x00007ff95e5fe000) (1024K)]
  0x00007ff980145150 JavaThread "C2 CompilerThread0"         daemon [_thread_blocked, id=18063, stack(0x00007ff95e3fd000,0x00007ff95e4fd000) (1024K)]
  0x00007ff980146a60 JavaThread "C1 CompilerThread0"         daemon [_thread_blocked, id=18064, stack(0x00007ff95e2fc000,0x00007ff95e3fc000) (1024K)]
  0x00007ff9801512f0 JavaThread "Notification Thread"        daemon [_thread_blocked, id=18065, stack(0x00007ff95e1fb000,0x00007ff95e2fb000) (1024K)]
  0x00007ff980153890 JavaThread "Common-Cleaner"             daemon [_thread_blocked, id=18066, stack(0x00007ff95e0fa000,0x00007ff95e1fa000) (1024K)]
  0x00007ff980e4acc0 JavaThread "JNA Cleaner"                daemon [_thread_blocked, id=18179, stack(0x00007ff901b00000,0x00007ff901c00000) (1024K)]
  0x00007ff981955e90 JavaThread "InnocuousThread-1"          daemon [_thread_blocked, id=18201, stack(0x00007ff9019ff000,0x00007ff901aff000) (1024K)]
  0x00007ff981a51b90 JavaThread "Timer hack thread"          daemon [_thread_blocked, id=18205, stack(0x00007ff90121a000,0x00007ff90131a000) (1024K)]
  0x00007ff981aaa9e0 JavaThread "Yggdrasil Key Fetcher"      daemon [_thread_blocked, id=18208, stack(0x00007ff901119000,0x00007ff901219000) (1024K)]
  0x00007ff98027e390 JavaThread "Worker-Main-1"              daemon [_thread_blocked, id=18209, stack(0x00007ff901018000,0x00007ff901118000) (1024K)]
  0x000055d4b175f7b0 JavaThread "Worker-Main-2"              daemon [_thread_blocked, id=18210, stack(0x00007ff900f17000,0x00007ff901017000) (1024K)]
  0x00007ff8fc002e10 JavaThread "Worker-Main-3"              daemon [_thread_blocked, id=18211, stack(0x00007ff900e16000,0x00007ff900f16000) (1024K)]
  0x00007ff908509dc0 JavaThread "Worker-Main-4"              daemon [_thread_blocked, id=18213, stack(0x00007ff900d15000,0x00007ff900e15000) (1024K)]
  0x000055d4b175ed10 JavaThread "Worker-Main-5"              daemon [_thread_blocked, id=18214, stack(0x00007ff900c14000,0x00007ff900d14000) (1024K)]
  0x00007ff909081e70 JavaThread "Worker-Main-6"              daemon [_thread_blocked, id=18215, stack(0x00007ff900b13000,0x00007ff900c13000) (1024K)]
  0x00007ff981d1cfe0 JavaThread "Server thread"                     [_thread_blocked, id=18219, stack(0x00007ff900a12000,0x00007ff900b12000) (1024K)]
  0x00007ff9800194d0 JavaThread "DestroyJavaVM"                     [_thread_blocked, id=18044, stack(0x00007ff9868d3000,0x00007ff9869d3000) (1024K)]
  0x00007ff918239c10 JavaThread "ForkJoinPool.commonPool-worker-1" daemon [_thread_blocked, id=18220, stack(0x00007ff900911000,0x00007ff900a11000) (1024K)]
  0x00007ff918286a10 JavaThread "spark-monitoring-thread"    daemon [_thread_blocked, id=18221, stack(0x00007ff900810000,0x00007ff900910000) (1024K)]
  0x00007ff91832b380 JavaThread "spark-worker-pool-1-thread-1" daemon [_thread_blocked, id=18222, stack(0x00007ff90070f000,0x00007ff90080f000) (1024K)]
=>0x00007ff91949eca0 JavaThread "spark-async-sampler-worker-thread"        [_thread_in_native, id=18229, stack(0x00007ff900291000,0x00007ff900391000) (1024K)]
  0x00007ff9194a0610 JavaThread "Server console handler"     daemon [_thread_in_native, id=18230, stack(0x00007ff900190000,0x00007ff900290000) (1024K)]
  0x00007ff919935d40 JavaThread "Netty Epoll Server IO #0"   daemon [_thread_in_native, id=18237, stack(0x00007ff90008f000,0x00007ff90018f000) (1024K)]
  0x000055d4b18a0590 JavaThread "Worker-Main-7"              daemon [_thread_blocked, id=18248, stack(0x00007ff8f6300000,0x00007ff8f6400000) (1024K)]
  0x00007ff9400f1ac0 JavaThread "Worker-Main-8"              daemon [_thread_blocked, id=18249, stack(0x00007ff8f61ff000,0x00007ff8f62ff000) (1024K)]
  0x00007ff94d78e8f0 JavaThread "Worker-Main-9"              daemon [_thread_blocked, id=18250, stack(0x00007ff8f60fe000,0x00007ff8f61fe000) (1024K)]
  0x00007ff94846ec10 JavaThread "Worker-Main-10"             daemon [_thread_blocked, id=18251, stack(0x00007ff8f5ffd000,0x00007ff8f60fd000) (1024K)]
  0x00007ff9540fd490 JavaThread "Worker-Main-11"             daemon [_thread_blocked, id=18252, stack(0x00007ff8f5efc000,0x00007ff8f5ffc000) (1024K)]
  0x00007ff9500056b0 JavaThread "Worker-Main-12"             daemon [_thread_blocked, id=18253, stack(0x00007ff8f5dfb000,0x00007ff8f5efb000) (1024K)]
  0x00007ff958013c10 JavaThread "Worker-Main-13"             daemon [_thread_blocked, id=18254, stack(0x00007ff8f5cfa000,0x00007ff8f5dfa000) (1024K)]
  0x00007ff981b3b520 JavaThread "Worker-Main-14"             daemon [_thread_blocked, id=18255, stack(0x00007ff8f5bf9000,0x00007ff8f5cf9000) (1024K)]
  0x000055d4b16141d0 JavaThread "Worker-Main-15"             daemon [_thread_blocked, id=18256, stack(0x00007ff8f5af8000,0x00007ff8f5bf8000) (1024K)]
  0x00007ff8fce13e20 JavaThread "Worker-Main-16"             daemon [_thread_blocked, id=18257, stack(0x00007ff8f59f7000,0x00007ff8f5af7000) (1024K)]
  0x00007ff9090849e0 JavaThread "Worker-Main-17"             daemon [_thread_blocked, id=18258, stack(0x00007ff8f58f6000,0x00007ff8f59f6000) (1024K)]
  0x00007ff904200d50 JavaThread "Worker-Main-18"             daemon [_thread_blocked, id=18259, stack(0x00007ff8f57f5000,0x00007ff8f58f5000) (1024K)]
  0x00007ff9102870e0 JavaThread "Worker-Main-19"             daemon [_thread_blocked, id=18260, stack(0x00007ff8f56f4000,0x00007ff8f57f4000) (1024K)]
  0x00007ff90c278bd0 JavaThread "Worker-Main-20"             daemon [_thread_blocked, id=18261, stack(0x00007ff8f55f3000,0x00007ff8f56f3000) (1024K)]
  0x00007ff919a1aaa0 JavaThread "Worker-Main-21"             daemon [_thread_blocked, id=18262, stack(0x00007ff8f54f2000,0x00007ff8f55f2000) (1024K)]
  0x00007ff914146f80 JavaThread "Worker-Main-22"             daemon [_thread_blocked, id=18263, stack(0x00007ff8f53f1000,0x00007ff8f54f1000) (1024K)]
  0x00007ff920001040 JavaThread "Worker-Main-23"             daemon [_thread_blocked, id=18264, stack(0x00007ff8f52f0000,0x00007ff8f53f0000) (1024K)]
  0x00007ff91c0168b0 JavaThread "IO-Worker-1"                       [_thread_blocked, id=18266, stack(0x00007ff95d7f1000,0x00007ff95d8f1000) (1024K)]
  0x00007ff91c017810 JavaThread "IO-Worker-2"                       [_thread_blocked, id=18267, stack(0x00007ff95d6f0000,0x00007ff95d7f0000) (1024K)]
  0x00007ff9245fefc0 JavaThread "IO-Worker-3"                       [_thread_blocked, id=18268, stack(0x00007ff8f51ef000,0x00007ff8f52ef000) (1024K)]
  0x00007ff930002e00 JavaThread "IO-Worker-4"                       [_thread_blocked, id=18269, stack(0x00007ff95d8f2000,0x00007ff95d9f2000) (1024K)]
  0x00007ff930009830 JavaThread "IO-Worker-5"                       [_thread_blocked, id=18270, stack(0x00007ff8f50ee000,0x00007ff8f51ee000) (1024K)]
  0x00007ff9280e41b0 JavaThread "IO-Worker-6"                       [_thread_blocked, id=18271, stack(0x00007ff8f4fed000,0x00007ff8f50ed000) (1024K)]
  0x00007ff919ca30e0 JavaThread "Server Watchdog"            daemon [_thread_blocked, id=18280, stack(0x00007ff8f4be9000,0x00007ff8f4ce9000) (1024K)]
Total: 51

Other Threads:
  0x00007ff980133ff0 VMThread "VM Thread"                           [id=18057, stack(0x00007ff95f300000,0x00007ff95f400000) (1024K)]
  0x00007ff980122a60 WatcherThread "VM Periodic Task Thread"        [id=18056, stack(0x00007ff95f0fe000,0x00007ff95f1fe000) (1024K)]
  0x00007ff98004a320 WorkerThread "GC Thread#0"                     [id=18045, stack(0x00007ff985040000,0x00007ff985140000) (1024K)]
  0x00007ff94d2817f0 WorkerThread "GC Thread#1"                     [id=18155, stack(0x00007ff95cf75000,0x00007ff95d075000) (1024K)]
  0x00007ff94d2824b0 WorkerThread "GC Thread#2"                     [id=18156, stack(0x00007ff95d379000,0x00007ff95d479000) (1024K)]
  0x00007ff94d282d70 WorkerThread "GC Thread#3"                     [id=18157, stack(0x00007ff95d177000,0x00007ff95d277000) (1024K)]
  0x00007ff94d283a30 WorkerThread "GC Thread#4"                     [id=18158, stack(0x00007ff95d076000,0x00007ff95d176000) (1024K)]
  0x00007ff94d284b30 WorkerThread "GC Thread#5"                     [id=18159, stack(0x00007ff95d57b000,0x00007ff95d67b000) (1024K)]
  0x00007ff94d2857f0 WorkerThread "GC Thread#6"                     [id=18160, stack(0x00007ff95ce74000,0x00007ff95cf74000) (1024K)]
  0x00007ff94d2864b0 WorkerThread "GC Thread#7"                     [id=18161, stack(0x00007ff95cd73000,0x00007ff95ce73000) (1024K)]
  0x00007ff94d2873e0 WorkerThread "GC Thread#8"                     [id=18162, stack(0x00007ff95cc72000,0x00007ff95cd72000) (1024K)]
  0x00007ff94d288390 WorkerThread "GC Thread#9"                     [id=18163, stack(0x00007ff95cb71000,0x00007ff95cc71000) (1024K)]
  0x00007ff94d289340 WorkerThread "GC Thread#10"                    [id=18164, stack(0x00007ff95ca70000,0x00007ff95cb70000) (1024K)]
  0x00007ff94d28a2f0 WorkerThread "GC Thread#11"                    [id=18165, stack(0x00007ff95c96f000,0x00007ff95ca6f000) (1024K)]
  0x00007ff94d28b2a0 WorkerThread "GC Thread#12"                    [id=18166, stack(0x00007ff95c86e000,0x00007ff95c96e000) (1024K)]
  0x00007ff94d28c250 WorkerThread "GC Thread#13"                    [id=18167, stack(0x00007ff95c76d000,0x00007ff95c86d000) (1024K)]
  0x00007ff94d28d200 WorkerThread "GC Thread#14"                    [id=18168, stack(0x00007ff95c66c000,0x00007ff95c76c000) (1024K)]
  0x00007ff94d28e1b0 WorkerThread "GC Thread#15"                    [id=18169, stack(0x00007ff95c56b000,0x00007ff95c66b000) (1024K)]
  0x00007ff94d28f310 WorkerThread "GC Thread#16"                    [id=18170, stack(0x00007ff95c46a000,0x00007ff95c56a000) (1024K)]
  0x00007ff94d290470 WorkerThread "GC Thread#17"                    [id=18171, stack(0x00007ff95c369000,0x00007ff95c469000) (1024K)]
  0x00007ff94c0008c0 ConcurrentGCThread "G1 Main Marker"            [id=18153, stack(0x00007ff95d47a000,0x00007ff95d57a000) (1024K)]
  0x00007ff94c002ee0 WorkerThread "G1 Conc#0"                       [id=18154, stack(0x00007ff95d278000,0x00007ff95d378000) (1024K)]
  0x00007ff92c001230 WorkerThread "G1 Conc#1"                       [id=18173, stack(0x00007ff95c268000,0x00007ff95c368000) (1024K)]
  0x00007ff92c001f60 WorkerThread "G1 Conc#2"                       [id=18174, stack(0x00007ff95c167000,0x00007ff95c267000) (1024K)]
  0x00007ff92c002c90 WorkerThread "G1 Conc#3"                       [id=18175, stack(0x00007ff95c066000,0x00007ff95c166000) (1024K)]
  0x00007ff92c0039f0 WorkerThread "G1 Conc#4"                       [id=18176, stack(0x00007ff901f00000,0x00007ff902000000) (1024K)]
  0x00007ff980103f30 WorkerThread "G1 Refinement Workers#0"         [id=18049, stack(0x00007ff97ff00000,0x00007ff980000000) (1024K)]
  0x00007ff980102ca0 ConcurrentGCThread "G1 Refine Control"         [id=18048, stack(0x00007ff984100000,0x00007ff984200000) (1024K)]
  0x00007ff980105030 ConcurrentGCThread "G1 Service"                [id=18050, stack(0x00007ff9680ff000,0x00007ff9681ff000) (1024K)]
Total: 29

Threads with active compile tasks:
Total: 0

VM state: not at safepoint (normal execution)

VM Mutex/Monitor currently owned by a thread: None

Heap address: 0x0000000640000000, size: 7168 MB, Compressed Oops mode: Zero based, Oop shift amount: 3

CDS archive(s) mapped at: [0x0000000088000000-0x0000000088db6000-0x0000000088db6000), size 14376960, SharedBaseAddress: 0x0000000088000000, ArchiveRelocationMode: 1.
Compressed class space mapped at: 0x0000000089000000-0x00000000c9000000, reserved size: 1073741824
UseCompactObjectHeaders 1
Narrow klass pointer bits 22, Max shift 10
Narrow klass base: 0x0000000088000000, Narrow klass shift: 10
Encoding Range: [0x0000000088000000 - 0x0000000188000000), (4294967296 bytes)
Klass Range:    [0x0000000088000000 - 0x00000000c9000000), (1090519040 bytes)
Klass ID Range:  [1 - 1064960) (1064959)
Protection zone: [0x0000000088000000 - 0x0000000088001000), (4096 bytes)

GC Precious Log:
 CardTable entry size: 512
 Card Set container configuration: InlinePtr #cards 4 size 8 Array Of Cards #cards 32 size 80 Howl #buckets 8 coarsen threshold 7372 Howl Bitmap #cards 1024 size 144 coarsen threshold 921 Card regions per heap region 1 cards per card region 8192
 CPUs: 24 total, 24 available
 Memory: 31868M
 Large Page Support: Disabled
 NUMA Support: Disabled
 Compressed Oops: Enabled (Zero based)
 Heap Region Size: 4M
 Heap Min Capacity: 4G
 Heap Initial Capacity: 4G
 Heap Max Capacity: 7G
 Pre-touch: Disabled
 Parallel Workers: 18
 Concurrent Workers: 5
 Concurrent Refinement Workers: 18
 Periodic GC: Disabled

Heap:
 garbage-first heap   total reserved 7340032K, committed 5455872K, used 283250K [0x0000000640000000, 0x0000000800000000)
  region size 4M, 30 eden (120M), 26 survivor (104M), 13 old (52M), 3 humongous (12M), 1260 free (5040M)

Heap Regions: E=young(eden), S=young(survivor), O=old, HS=humongous(starts), HC=humongous(continues), CS=collection set, F=free, TAMS=top-at-mark-start, PB=parsable bottom
|    0|0x0000000640000000, 0x0000000640400000, 0x0000000640400000|100%| O|  |TAMS 0x0000000640000000| PB 0x0000000640000000| Untracked |  0
|    1|0x0000000640400000, 0x0000000640800000, 0x0000000640800000|100%| O|  |TAMS 0x0000000640400000| PB 0x0000000640400000| Untracked |  0
|    2|0x0000000640800000, 0x0000000640c00000, 0x0000000640c00000|100%| O|  |TAMS 0x0000000640800000| PB 0x0000000640800000| Untracked |  0
|    3|0x0000000640c00000, 0x0000000641000000, 0x0000000641000000|100%| O|  |TAMS 0x0000000640c00000| PB 0x0000000640c00000| Untracked |  0
|    4|0x0000000641000000, 0x0000000641400000, 0x0000000641400000|100%| O|  |TAMS 0x0000000641000000| PB 0x0000000641000000| Untracked |  0
|    5|0x0000000641400000, 0x0000000641800000, 0x0000000641800000|100%| O|  |TAMS 0x0000000641400000| PB 0x0000000641400000| Untracked |  0
|    6|0x0000000641800000, 0x0000000641800000, 0x0000000641c00000|  0%| F|  |TAMS 0x0000000641800000| PB 0x0000000641800000| Untracked |  0
|    7|0x0000000641c00000, 0x0000000642000000, 0x0000000642000000|100%| O|  |TAMS 0x0000000641c00000| PB 0x0000000641c00000| Untracked |  0
|    8|0x0000000642000000, 0x0000000642400000, 0x0000000642400000|100%| O|  |TAMS 0x0000000642000000| PB 0x0000000642000000| Untracked |  0
|    9|0x0000000642400000, 0x0000000642800000, 0x0000000642800000|100%| O|  |TAMS 0x0000000642400000| PB 0x0000000642400000| Untracked |  0
|   10|0x0000000642800000, 0x0000000642c00000, 0x0000000642c00000|100%| O|  |TAMS 0x0000000642800000| PB 0x0000000642800000| Untracked |  0
|   11|0x0000000642c00000, 0x0000000643000000, 0x0000000643000000|100%| O|Cm|TAMS 0x0000000642c00000| PB 0x0000000642c00000| Complete  |  0
|   12|0x0000000643000000, 0x00000006431b8a30, 0x0000000643400000| 43%| O|  |TAMS 0x0000000643000000| PB 0x0000000643000000| Untracked |  0
|   13|0x0000000643400000, 0x0000000643800000, 0x0000000643800000|100%|HS|  |TAMS 0x0000000643400000| PB 0x0000000643400000| Complete  |  0
|   14|0x0000000643800000, 0x0000000643c00000, 0x0000000643c00000|100%|HC|  |TAMS 0x0000000643800000| PB 0x0000000643800000| Complete  |  0
|   15|0x0000000643c00000, 0x0000000644000000, 0x0000000644000000|100%|HC|  |TAMS 0x0000000643c00000| PB 0x0000000643c00000| Complete  |  0
|   16|0x0000000644000000, 0x0000000644400000, 0x0000000644400000|100%| O|  |TAMS 0x0000000644000000| PB 0x0000000644000000| Untracked |  0
|   17|0x0000000644400000, 0x0000000644400000, 0x0000000644800000|  0%| F|  |TAMS 0x0000000644400000| PB 0x0000000644400000| Untracked |  0
|   18|0x0000000644800000, 0x0000000644800000, 0x0000000644c00000|  0%| F|  |TAMS 0x0000000644800000| PB 0x0000000644800000| Untracked |  0
|   19|0x0000000644c00000, 0x0000000644c00000, 0x0000000645000000|  0%| F|  |TAMS 0x0000000644c00000| PB 0x0000000644c00000| Untracked |  0
|   20|0x0000000645000000, 0x0000000645000000, 0x0000000645400000|  0%| F|  |TAMS 0x0000000645000000| PB 0x0000000645000000| Untracked |  0
|   21|0x0000000645400000, 0x0000000645400000, 0x0000000645800000|  0%| F|  |TAMS 0x0000000645400000| PB 0x0000000645400000| Untracked |  0
|   22|0x0000000645800000, 0x0000000645800000, 0x0000000645c00000|  0%| F|  |TAMS 0x0000000645800000| PB 0x0000000645800000| Untracked |  0
|   23|0x0000000645c00000, 0x0000000645c00000, 0x0000000646000000|  0%| F|  |TAMS 0x0000000645c00000| PB 0x0000000645c00000| Untracked |  0
|   24|0x0000000646000000, 0x0000000646000000, 0x0000000646400000|  0%| F|  |TAMS 0x0000000646000000| PB 0x0000000646000000| Untracked |  0
|   25|0x0000000646400000, 0x0000000646400000, 0x0000000646800000|  0%| F|  |TAMS 0x0000000646400000| PB 0x0000000646400000| Untracked |  0
|   26|0x0000000646800000, 0x0000000646800000, 0x0000000646c00000|  0%| F|  |TAMS 0x0000000646800000| PB 0x0000000646800000| Untracked |  0
|   27|0x0000000646c00000, 0x0000000646c00000, 0x0000000647000000|  0%| F|  |TAMS 0x0000000646c00000| PB 0x0000000646c00000| Untracked |  0
|   28|0x0000000647000000, 0x0000000647000000, 0x0000000647400000|  0%| F|  |TAMS 0x0000000647000000| PB 0x0000000647000000| Untracked |  0
|   29|0x0000000647400000, 0x0000000647400000, 0x0000000647800000|  0%| F|  |TAMS 0x0000000647400000| PB 0x0000000647400000| Untracked |  0
|   30|0x0000000647800000, 0x0000000647800000, 0x0000000647c00000|  0%| F|  |TAMS 0x0000000647800000| PB 0x0000000647800000| Untracked |  0
|   31|0x0000000647c00000, 0x0000000647c00000, 0x0000000648000000|  0%| F|  |TAMS 0x0000000647c00000| PB 0x0000000647c00000| Untracked |  0
|   32|0x0000000648000000, 0x0000000648000000, 0x0000000648400000|  0%| F|  |TAMS 0x0000000648000000| PB 0x0000000648000000| Untracked |  0
|   33|0x0000000648400000, 0x0000000648400000, 0x0000000648800000|  0%| F|  |TAMS 0x0000000648400000| PB 0x0000000648400000| Untracked |  0
|   34|0x0000000648800000, 0x0000000648800000, 0x0000000648c00000|  0%| F|  |TAMS 0x0000000648800000| PB 0x0000000648800000| Untracked |  0
|   35|0x0000000648c00000, 0x0000000648c00000, 0x0000000649000000|  0%| F|  |TAMS 0x0000000648c00000| PB 0x0000000648c00000| Untracked |  0
|   36|0x0000000649000000, 0x0000000649000000, 0x0000000649400000|  0%| F|  |TAMS 0x0000000649000000| PB 0x0000000649000000| Untracked |  0
|   37|0x0000000649400000, 0x0000000649400000, 0x0000000649800000|  0%| F|  |TAMS 0x0000000649400000| PB 0x0000000649400000| Untracked |  0
|   38|0x0000000649800000, 0x0000000649800000, 0x0000000649c00000|  0%| F|  |TAMS 0x0000000649800000| PB 0x0000000649800000| Untracked |  0
|   39|0x0000000649c00000, 0x0000000649c00000, 0x000000064a000000|  0%| F|  |TAMS 0x0000000649c00000| PB 0x0000000649c00000| Untracked |  0
|   40|0x000000064a000000, 0x000000064a000000, 0x000000064a400000|  0%| F|  |TAMS 0x000000064a000000| PB 0x000000064a000000| Untracked |  0
|   41|0x000000064a400000, 0x000000064a400000, 0x000000064a800000|  0%| F|  |TAMS 0x000000064a400000| PB 0x000000064a400000| Untracked |  0
|   42|0x000000064a800000, 0x000000064a800000, 0x000000064ac00000|  0%| F|  |TAMS 0x000000064a800000| PB 0x000000064a800000| Untracked |  0
|   43|0x000000064ac00000, 0x000000064ac00000, 0x000000064b000000|  0%| F|  |TAMS 0x000000064ac00000| PB 0x000000064ac00000| Untracked |  0
|   44|0x000000064b000000, 0x000000064b000000, 0x000000064b400000|  0%| F|  |TAMS 0x000000064b000000| PB 0x000000064b000000| Untracked |  0
|   45|0x000000064b400000, 0x000000064b400000, 0x000000064b800000|  0%| F|  |TAMS 0x000000064b400000| PB 0x000000064b400000| Untracked |  0
|   46|0x000000064b800000, 0x000000064b800000, 0x000000064bc00000|  0%| F|  |TAMS 0x000000064b800000| PB 0x000000064b800000| Untracked |  0
|   47|0x000000064bc00000, 0x000000064bc00000, 0x000000064c000000|  0%| F|  |TAMS 0x000000064bc00000| PB 0x000000064bc00000| Untracked |  0
|   48|0x000000064c000000, 0x000000064c000000, 0x000000064c400000|  0%| F|  |TAMS 0x000000064c000000| PB 0x000000064c000000| Untracked |  0
|   49|0x000000064c400000, 0x000000064c400000, 0x000000064c800000|  0%| F|  |TAMS 0x000000064c400000| PB 0x000000064c400000| Untracked |  0
|   50|0x000000064c800000, 0x000000064c800000, 0x000000064cc00000|  0%| F|  |TAMS 0x000000064c800000| PB 0x000000064c800000| Untracked |  0
|   51|0x000000064cc00000, 0x000000064cc00000, 0x000000064d000000|  0%| F|  |TAMS 0x000000064cc00000| PB 0x000000064cc00000| Untracked |  0
|   52|0x000000064d000000, 0x000000064d000000, 0x000000064d400000|  0%| F|  |TAMS 0x000000064d000000| PB 0x000000064d000000| Untracked |  0
|   53|0x000000064d400000, 0x000000064d400000, 0x000000064d800000|  0%| F|  |TAMS 0x000000064d400000| PB 0x000000064d400000| Untracked |  0
|   54|0x000000064d800000, 0x000000064d800000, 0x000000064dc00000|  0%| F|  |TAMS 0x000000064d800000| PB 0x000000064d800000| Untracked |  0
|   55|0x000000064dc00000, 0x000000064dc00000, 0x000000064e000000|  0%| F|  |TAMS 0x000000064dc00000| PB 0x000000064dc00000| Untracked |  0
|   56|0x000000064e000000, 0x000000064e000000, 0x000000064e400000|  0%| F|  |TAMS 0x000000064e000000| PB 0x000000064e000000| Untracked |  0
|   57|0x000000064e400000, 0x000000064e400000, 0x000000064e800000|  0%| F|  |TAMS 0x000000064e400000| PB 0x000000064e400000| Untracked |  0
|   58|0x000000064e800000, 0x000000064e800000, 0x000000064ec00000|  0%| F|  |TAMS 0x000000064e800000| PB 0x000000064e800000| Untracked |  0
|   59|0x000000064ec00000, 0x000000064ec00000, 0x000000064f000000|  0%| F|  |TAMS 0x000000064ec00000| PB 0x000000064ec00000| Untracked |  0
|   60|0x000000064f000000, 0x000000064f000000, 0x000000064f400000|  0%| F|  |TAMS 0x000000064f000000| PB 0x000000064f000000| Untracked |  0
|   61|0x000000064f400000, 0x000000064f400000, 0x000000064f800000|  0%| F|  |TAMS 0x000000064f400000| PB 0x000000064f400000| Untracked |  0
|   62|0x000000064f800000, 0x000000064f800000, 0x000000064fc00000|  0%| F|  |TAMS 0x000000064f800000| PB 0x000000064f800000| Untracked |  0
|   63|0x000000064fc00000, 0x000000064fc00000, 0x0000000650000000|  0%| F|  |TAMS 0x000000064fc00000| PB 0x000000064fc00000| Untracked |  0
|   64|0x0000000650000000, 0x0000000650000000, 0x0000000650400000|  0%| F|  |TAMS 0x0000000650000000| PB 0x0000000650000000| Untracked |  0
|   65|0x0000000650400000, 0x0000000650400000, 0x0000000650800000|  0%| F|  |TAMS 0x0000000650400000| PB 0x0000000650400000| Untracked |  0
|   66|0x0000000650800000, 0x0000000650800000, 0x0000000650c00000|  0%| F|  |TAMS 0x0000000650800000| PB 0x0000000650800000| Untracked |  0
|   67|0x0000000650c00000, 0x0000000650c00000, 0x0000000651000000|  0%| F|  |TAMS 0x0000000650c00000| PB 0x0000000650c00000| Untracked |  0
|   68|0x0000000651000000, 0x0000000651000000, 0x0000000651400000|  0%| F|  |TAMS 0x0000000651000000| PB 0x0000000651000000| Untracked |  0
|   69|0x0000000651400000, 0x0000000651400000, 0x0000000651800000|  0%| F|  |TAMS 0x0000000651400000| PB 0x0000000651400000| Untracked |  0
|   70|0x0000000651800000, 0x0000000651800000, 0x0000000651c00000|  0%| F|  |TAMS 0x0000000651800000| PB 0x0000000651800000| Untracked |  0
|   71|0x0000000651c00000, 0x0000000651c00000, 0x0000000652000000|  0%| F|  |TAMS 0x0000000651c00000| PB 0x0000000651c00000| Untracked |  0
|   72|0x0000000652000000, 0x0000000652000000, 0x0000000652400000|  0%| F|  |TAMS 0x0000000652000000| PB 0x0000000652000000| Untracked |  0
|   73|0x0000000652400000, 0x0000000652400000, 0x0000000652800000|  0%| F|  |TAMS 0x0000000652400000| PB 0x0000000652400000| Untracked |  0
|   74|0x0000000652800000, 0x0000000652800000, 0x0000000652c00000|  0%| F|  |TAMS 0x0000000652800000| PB 0x0000000652800000| Untracked |  0
|   75|0x0000000652c00000, 0x0000000652c00000, 0x0000000653000000|  0%| F|  |TAMS 0x0000000652c00000| PB 0x0000000652c00000| Untracked |  0
|   76|0x0000000653000000, 0x0000000653000000, 0x0000000653400000|  0%| F|  |TAMS 0x0000000653000000| PB 0x0000000653000000| Untracked |  0
|   77|0x0000000653400000, 0x0000000653400000, 0x0000000653800000|  0%| F|  |TAMS 0x0000000653400000| PB 0x0000000653400000| Untracked |  0
|   78|0x0000000653800000, 0x0000000653800000, 0x0000000653c00000|  0%| F|  |TAMS 0x0000000653800000| PB 0x0000000653800000| Untracked |  0
|   79|0x0000000653c00000, 0x0000000653c00000, 0x0000000654000000|  0%| F|  |TAMS 0x0000000653c00000| PB 0x0000000653c00000| Untracked |  0
|   80|0x0000000654000000, 0x0000000654000000, 0x0000000654400000|  0%| F|  |TAMS 0x0000000654000000| PB 0x0000000654000000| Untracked |  0
|   81|0x0000000654400000, 0x0000000654400000, 0x0000000654800000|  0%| F|  |TAMS 0x0000000654400000| PB 0x0000000654400000| Untracked |  0
|   82|0x0000000654800000, 0x0000000654800000, 0x0000000654c00000|  0%| F|  |TAMS 0x0000000654800000| PB 0x0000000654800000| Untracked |  0
|   83|0x0000000654c00000, 0x0000000654c00000, 0x0000000655000000|  0%| F|  |TAMS 0x0000000654c00000| PB 0x0000000654c00000| Untracked |  0
|   84|0x0000000655000000, 0x0000000655000000, 0x0000000655400000|  0%| F|  |TAMS 0x0000000655000000| PB 0x0000000655000000| Untracked |  0
|   85|0x0000000655400000, 0x0000000655400000, 0x0000000655800000|  0%| F|  |TAMS 0x0000000655400000| PB 0x0000000655400000| Untracked |  0
|   86|0x0000000655800000, 0x0000000655800000, 0x0000000655c00000|  0%| F|  |TAMS 0x0000000655800000| PB 0x0000000655800000| Untracked |  0
|   87|0x0000000655c00000, 0x0000000655c00000, 0x0000000656000000|  0%| F|  |TAMS 0x0000000655c00000| PB 0x0000000655c00000| Untracked |  0
|   88|0x0000000656000000, 0x0000000656000000, 0x0000000656400000|  0%| F|  |TAMS 0x0000000656000000| PB 0x0000000656000000| Untracked |  0
|   89|0x0000000656400000, 0x0000000656400000, 0x0000000656800000|  0%| F|  |TAMS 0x0000000656400000| PB 0x0000000656400000| Untracked |  0
|   90|0x0000000656800000, 0x0000000656800000, 0x0000000656c00000|  0%| F|  |TAMS 0x0000000656800000| PB 0x0000000656800000| Untracked |  0
|   91|0x0000000656c00000, 0x0000000656c00000, 0x0000000657000000|  0%| F|  |TAMS 0x0000000656c00000| PB 0x0000000656c00000| Untracked |  0
|   92|0x0000000657000000, 0x0000000657000000, 0x0000000657400000|  0%| F|  |TAMS 0x0000000657000000| PB 0x0000000657000000| Untracked |  0
|   93|0x0000000657400000, 0x0000000657400000, 0x0000000657800000|  0%| F|  |TAMS 0x0000000657400000| PB 0x0000000657400000| Untracked |  0
|   94|0x0000000657800000, 0x0000000657800000, 0x0000000657c00000|  0%| F|  |TAMS 0x0000000657800000| PB 0x0000000657800000| Untracked |  0
|   95|0x0000000657c00000, 0x0000000657c00000, 0x0000000658000000|  0%| F|  |TAMS 0x0000000657c00000| PB 0x0000000657c00000| Untracked |  0
|   96|0x0000000658000000, 0x0000000658000000, 0x0000000658400000|  0%| F|  |TAMS 0x0000000658000000| PB 0x0000000658000000| Untracked |  0
|   97|0x0000000658400000, 0x0000000658400000, 0x0000000658800000|  0%| F|  |TAMS 0x0000000658400000| PB 0x0000000658400000| Untracked |  0
|   98|0x0000000658800000, 0x0000000658800000, 0x0000000658c00000|  0%| F|  |TAMS 0x0000000658800000| PB 0x0000000658800000| Untracked |  0
|   99|0x0000000658c00000, 0x0000000658c00000, 0x0000000659000000|  0%| F|  |TAMS 0x0000000658c00000| PB 0x0000000658c00000| Untracked |  0
|  100|0x0000000659000000, 0x0000000659000000, 0x0000000659400000|  0%| F|  |TAMS 0x0000000659000000| PB 0x0000000659000000| Untracked |  0
|  101|0x0000000659400000, 0x0000000659400000, 0x0000000659800000|  0%| F|  |TAMS 0x0000000659400000| PB 0x0000000659400000| Untracked |  0
|  102|0x0000000659800000, 0x0000000659800000, 0x0000000659c00000|  0%| F|  |TAMS 0x0000000659800000| PB 0x0000000659800000| Untracked |  0
|  103|0x0000000659c00000, 0x0000000659c00000, 0x000000065a000000|  0%| F|  |TAMS 0x0000000659c00000| PB 0x0000000659c00000| Untracked |  0
|  104|0x000000065a000000, 0x000000065a000000, 0x000000065a400000|  0%| F|  |TAMS 0x000000065a000000| PB 0x000000065a000000| Untracked |  0
|  105|0x000000065a400000, 0x000000065a400000, 0x000000065a800000|  0%| F|  |TAMS 0x000000065a400000| PB 0x000000065a400000| Untracked |  0
|  106|0x000000065a800000, 0x000000065a800000, 0x000000065ac00000|  0%| F|  |TAMS 0x000000065a800000| PB 0x000000065a800000| Untracked |  0
|  107|0x000000065ac00000, 0x000000065ac00000, 0x000000065b000000|  0%| F|  |TAMS 0x000000065ac00000| PB 0x000000065ac00000| Untracked |  0
|  108|0x000000065b000000, 0x000000065b000000, 0x000000065b400000|  0%| F|  |TAMS 0x000000065b000000| PB 0x000000065b000000| Untracked |  0
|  109|0x000000065b400000, 0x000000065b400000, 0x000000065b800000|  0%| F|  |TAMS 0x000000065b400000| PB 0x000000065b400000| Untracked |  0
|  110|0x000000065b800000, 0x000000065b800000, 0x000000065bc00000|  0%| F|  |TAMS 0x000000065b800000| PB 0x000000065b800000| Untracked |  0
|  111|0x000000065bc00000, 0x000000065bc00000, 0x000000065c000000|  0%| F|  |TAMS 0x000000065bc00000| PB 0x000000065bc00000| Untracked |  0
|  112|0x000000065c000000, 0x000000065c000000, 0x000000065c400000|  0%| F|  |TAMS 0x000000065c000000| PB 0x000000065c000000| Untracked |  0
|  113|0x000000065c400000, 0x000000065c400000, 0x000000065c800000|  0%| F|  |TAMS 0x000000065c400000| PB 0x000000065c400000| Untracked |  0
|  114|0x000000065c800000, 0x000000065c800000, 0x000000065cc00000|  0%| F|  |TAMS 0x000000065c800000| PB 0x000000065c800000| Untracked |  0
|  115|0x000000065cc00000, 0x000000065cc00000, 0x000000065d000000|  0%| F|  |TAMS 0x000000065cc00000| PB 0x000000065cc00000| Untracked |  0
|  116|0x000000065d000000, 0x000000065d000000, 0x000000065d400000|  0%| F|  |TAMS 0x000000065d000000| PB 0x000000065d000000| Untracked |  0
|  117|0x000000065d400000, 0x000000065d400000, 0x000000065d800000|  0%| F|  |TAMS 0x000000065d400000| PB 0x000000065d400000| Untracked |  0
|  118|0x000000065d800000, 0x000000065d800000, 0x000000065dc00000|  0%| F|  |TAMS 0x000000065d800000| PB 0x000000065d800000| Untracked |  0
|  119|0x000000065dc00000, 0x000000065dc00000, 0x000000065e000000|  0%| F|  |TAMS 0x000000065dc00000| PB 0x000000065dc00000| Untracked |  0
|  120|0x000000065e000000, 0x000000065e000000, 0x000000065e400000|  0%| F|  |TAMS 0x000000065e000000| PB 0x000000065e000000| Untracked |  0
|  121|0x000000065e400000, 0x000000065e400000, 0x000000065e800000|  0%| F|  |TAMS 0x000000065e400000| PB 0x000000065e400000| Untracked |  0
|  122|0x000000065e800000, 0x000000065e800000, 0x000000065ec00000|  0%| F|  |TAMS 0x000000065e800000| PB 0x000000065e800000| Untracked |  0
|  123|0x000000065ec00000, 0x000000065ec00000, 0x000000065f000000|  0%| F|  |TAMS 0x000000065ec00000| PB 0x000000065ec00000| Untracked |  0
|  124|0x000000065f000000, 0x000000065f000000, 0x000000065f400000|  0%| F|  |TAMS 0x000000065f000000| PB 0x000000065f000000| Untracked |  0
|  125|0x000000065f400000, 0x000000065f400000, 0x000000065f800000|  0%| F|  |TAMS 0x000000065f400000| PB 0x000000065f400000| Untracked |  0
|  126|0x000000065f800000, 0x000000065f800000, 0x000000065fc00000|  0%| F|  |TAMS 0x000000065f800000| PB 0x000000065f800000| Untracked |  0
|  127|0x000000065fc00000, 0x000000065fc00000, 0x0000000660000000|  0%| F|  |TAMS 0x000000065fc00000| PB 0x000000065fc00000| Untracked |  0
|  128|0x0000000660000000, 0x0000000660000000, 0x0000000660400000|  0%| F|  |TAMS 0x0000000660000000| PB 0x0000000660000000| Untracked |  0
|  129|0x0000000660400000, 0x0000000660400000, 0x0000000660800000|  0%| F|  |TAMS 0x0000000660400000| PB 0x0000000660400000| Untracked |  0
|  130|0x0000000660800000, 0x0000000660800000, 0x0000000660c00000|  0%| F|  |TAMS 0x0000000660800000| PB 0x0000000660800000| Untracked |  0
|  131|0x0000000660c00000, 0x0000000660c00000, 0x0000000661000000|  0%| F|  |TAMS 0x0000000660c00000| PB 0x0000000660c00000| Untracked |  0
|  132|0x0000000661000000, 0x0000000661000000, 0x0000000661400000|  0%| F|  |TAMS 0x0000000661000000| PB 0x0000000661000000| Untracked |  0
|  133|0x0000000661400000, 0x0000000661400000, 0x0000000661800000|  0%| F|  |TAMS 0x0000000661400000| PB 0x0000000661400000| Untracked |  0
|  134|0x0000000661800000, 0x0000000661800000, 0x0000000661c00000|  0%| F|  |TAMS 0x0000000661800000| PB 0x0000000661800000| Untracked |  0
|  135|0x0000000661c00000, 0x0000000661c00000, 0x0000000662000000|  0%| F|  |TAMS 0x0000000661c00000| PB 0x0000000661c00000| Untracked |  0
|  136|0x0000000662000000, 0x0000000662000000, 0x0000000662400000|  0%| F|  |TAMS 0x0000000662000000| PB 0x0000000662000000| Untracked |  0
|  137|0x0000000662400000, 0x0000000662400000, 0x0000000662800000|  0%| F|  |TAMS 0x0000000662400000| PB 0x0000000662400000| Untracked |  0
|  138|0x0000000662800000, 0x0000000662800000, 0x0000000662c00000|  0%| F|  |TAMS 0x0000000662800000| PB 0x0000000662800000| Untracked |  0
|  139|0x0000000662c00000, 0x0000000662c00000, 0x0000000663000000|  0%| F|  |TAMS 0x0000000662c00000| PB 0x0000000662c00000| Untracked |  0
|  140|0x0000000663000000, 0x0000000663000000, 0x0000000663400000|  0%| F|  |TAMS 0x0000000663000000| PB 0x0000000663000000| Untracked |  0
|  141|0x0000000663400000, 0x0000000663400000, 0x0000000663800000|  0%| F|  |TAMS 0x0000000663400000| PB 0x0000000663400000| Untracked |  0
|  142|0x0000000663800000, 0x0000000663800000, 0x0000000663c00000|  0%| F|  |TAMS 0x0000000663800000| PB 0x0000000663800000| Untracked |  0
|  143|0x0000000663c00000, 0x0000000663c00000, 0x0000000664000000|  0%| F|  |TAMS 0x0000000663c00000| PB 0x0000000663c00000| Untracked |  0
|  144|0x0000000664000000, 0x0000000664000000, 0x0000000664400000|  0%| F|  |TAMS 0x0000000664000000| PB 0x0000000664000000| Untracked |  0
|  145|0x0000000664400000, 0x0000000664400000, 0x0000000664800000|  0%| F|  |TAMS 0x0000000664400000| PB 0x0000000664400000| Untracked |  0
|  146|0x0000000664800000, 0x0000000664800000, 0x0000000664c00000|  0%| F|  |TAMS 0x0000000664800000| PB 0x0000000664800000| Untracked |  0
|  147|0x0000000664c00000, 0x0000000664c00000, 0x0000000665000000|  0%| F|  |TAMS 0x0000000664c00000| PB 0x0000000664c00000| Untracked |  0
|  148|0x0000000665000000, 0x0000000665000000, 0x0000000665400000|  0%| F|  |TAMS 0x0000000665000000| PB 0x0000000665000000| Untracked |  0
|  149|0x0000000665400000, 0x0000000665400000, 0x0000000665800000|  0%| F|  |TAMS 0x0000000665400000| PB 0x0000000665400000| Untracked |  0
|  150|0x0000000665800000, 0x0000000665800000, 0x0000000665c00000|  0%| F|  |TAMS 0x0000000665800000| PB 0x0000000665800000| Untracked |  0
|  151|0x0000000665c00000, 0x0000000665c00000, 0x0000000666000000|  0%| F|  |TAMS 0x0000000665c00000| PB 0x0000000665c00000| Untracked |  0
|  152|0x0000000666000000, 0x0000000666000000, 0x0000000666400000|  0%| F|  |TAMS 0x0000000666000000| PB 0x0000000666000000| Untracked |  0
|  153|0x0000000666400000, 0x0000000666400000, 0x0000000666800000|  0%| F|  |TAMS 0x0000000666400000| PB 0x0000000666400000| Untracked |  0
|  154|0x0000000666800000, 0x0000000666800000, 0x0000000666c00000|  0%| F|  |TAMS 0x0000000666800000| PB 0x0000000666800000| Untracked |  0
|  155|0x0000000666c00000, 0x0000000666c00000, 0x0000000667000000|  0%| F|  |TAMS 0x0000000666c00000| PB 0x0000000666c00000| Untracked |  0
|  156|0x0000000667000000, 0x0000000667000000, 0x0000000667400000|  0%| F|  |TAMS 0x0000000667000000| PB 0x0000000667000000| Untracked |  0
|  157|0x0000000667400000, 0x0000000667400000, 0x0000000667800000|  0%| F|  |TAMS 0x0000000667400000| PB 0x0000000667400000| Untracked |  0
|  158|0x0000000667800000, 0x0000000667800000, 0x0000000667c00000|  0%| F|  |TAMS 0x0000000667800000| PB 0x0000000667800000| Untracked |  0
|  159|0x0000000667c00000, 0x0000000667c00000, 0x0000000668000000|  0%| F|  |TAMS 0x0000000667c00000| PB 0x0000000667c00000| Untracked |  0
|  160|0x0000000668000000, 0x0000000668000000, 0x0000000668400000|  0%| F|  |TAMS 0x0000000668000000| PB 0x0000000668000000| Untracked |  0
|  161|0x0000000668400000, 0x0000000668400000, 0x0000000668800000|  0%| F|  |TAMS 0x0000000668400000| PB 0x0000000668400000| Untracked |  0
|  162|0x0000000668800000, 0x0000000668800000, 0x0000000668c00000|  0%| F|  |TAMS 0x0000000668800000| PB 0x0000000668800000| Untracked |  0
|  163|0x0000000668c00000, 0x0000000668c00000, 0x0000000669000000|  0%| F|  |TAMS 0x0000000668c00000| PB 0x0000000668c00000| Untracked |  0
|  164|0x0000000669000000, 0x0000000669000000, 0x0000000669400000|  0%| F|  |TAMS 0x0000000669000000| PB 0x0000000669000000| Untracked |  0
|  165|0x0000000669400000, 0x0000000669400000, 0x0000000669800000|  0%| F|  |TAMS 0x0000000669400000| PB 0x0000000669400000| Untracked |  0
|  166|0x0000000669800000, 0x0000000669800000, 0x0000000669c00000|  0%| F|  |TAMS 0x0000000669800000| PB 0x0000000669800000| Untracked |  0
|  167|0x0000000669c00000, 0x0000000669c00000, 0x000000066a000000|  0%| F|  |TAMS 0x0000000669c00000| PB 0x0000000669c00000| Untracked |  0
|  168|0x000000066a000000, 0x000000066a000000, 0x000000066a400000|  0%| F|  |TAMS 0x000000066a000000| PB 0x000000066a000000| Untracked |  0
|  169|0x000000066a400000, 0x000000066a400000, 0x000000066a800000|  0%| F|  |TAMS 0x000000066a400000| PB 0x000000066a400000| Untracked |  0
|  170|0x000000066a800000, 0x000000066a800000, 0x000000066ac00000|  0%| F|  |TAMS 0x000000066a800000| PB 0x000000066a800000| Untracked |  0
|  171|0x000000066ac00000, 0x000000066ac00000, 0x000000066b000000|  0%| F|  |TAMS 0x000000066ac00000| PB 0x000000066ac00000| Untracked |  0
|  172|0x000000066b000000, 0x000000066b000000, 0x000000066b400000|  0%| F|  |TAMS 0x000000066b000000| PB 0x000000066b000000| Untracked |  0
|  173|0x000000066b400000, 0x000000066b400000, 0x000000066b800000|  0%| F|  |TAMS 0x000000066b400000| PB 0x000000066b400000| Untracked |  0
|  174|0x000000066b800000, 0x000000066b800000, 0x000000066bc00000|  0%| F|  |TAMS 0x000000066b800000| PB 0x000000066b800000| Untracked |  0
|  175|0x000000066bc00000, 0x000000066bc00000, 0x000000066c000000|  0%| F|  |TAMS 0x000000066bc00000| PB 0x000000066bc00000| Untracked |  0
|  176|0x000000066c000000, 0x000000066c000000, 0x000000066c400000|  0%| F|  |TAMS 0x000000066c000000| PB 0x000000066c000000| Untracked |  0
|  177|0x000000066c400000, 0x000000066c400000, 0x000000066c800000|  0%| F|  |TAMS 0x000000066c400000| PB 0x000000066c400000| Untracked |  0
|  178|0x000000066c800000, 0x000000066c800000, 0x000000066cc00000|  0%| F|  |TAMS 0x000000066c800000| PB 0x000000066c800000| Untracked |  0
|  179|0x000000066cc00000, 0x000000066cc00000, 0x000000066d000000|  0%| F|  |TAMS 0x000000066cc00000| PB 0x000000066cc00000| Untracked |  0
|  180|0x000000066d000000, 0x000000066d000000, 0x000000066d400000|  0%| F|  |TAMS 0x000000066d000000| PB 0x000000066d000000| Untracked |  0
|  181|0x000000066d400000, 0x000000066d400000, 0x000000066d800000|  0%| F|  |TAMS 0x000000066d400000| PB 0x000000066d400000| Untracked |  0
|  182|0x000000066d800000, 0x000000066d800000, 0x000000066dc00000|  0%| F|  |TAMS 0x000000066d800000| PB 0x000000066d800000| Untracked |  0
|  183|0x000000066dc00000, 0x000000066dc00000, 0x000000066e000000|  0%| F|  |TAMS 0x000000066dc00000| PB 0x000000066dc00000| Untracked |  0
|  184|0x000000066e000000, 0x000000066e000000, 0x000000066e400000|  0%| F|  |TAMS 0x000000066e000000| PB 0x000000066e000000| Untracked |  0
|  185|0x000000066e400000, 0x000000066e400000, 0x000000066e800000|  0%| F|  |TAMS 0x000000066e400000| PB 0x000000066e400000| Untracked |  0
|  186|0x000000066e800000, 0x000000066e800000, 0x000000066ec00000|  0%| F|  |TAMS 0x000000066e800000| PB 0x000000066e800000| Untracked |  0
|  187|0x000000066ec00000, 0x000000066ec00000, 0x000000066f000000|  0%| F|  |TAMS 0x000000066ec00000| PB 0x000000066ec00000| Untracked |  0
|  188|0x000000066f000000, 0x000000066f000000, 0x000000066f400000|  0%| F|  |TAMS 0x000000066f000000| PB 0x000000066f000000| Untracked |  0
|  189|0x000000066f400000, 0x000000066f400000, 0x000000066f800000|  0%| F|  |TAMS 0x000000066f400000| PB 0x000000066f400000| Untracked |  0
|  190|0x000000066f800000, 0x000000066f800000, 0x000000066fc00000|  0%| F|  |TAMS 0x000000066f800000| PB 0x000000066f800000| Untracked |  0
|  191|0x000000066fc00000, 0x000000066fc00000, 0x0000000670000000|  0%| F|  |TAMS 0x000000066fc00000| PB 0x000000066fc00000| Untracked |  0
|  192|0x0000000670000000, 0x0000000670000000, 0x0000000670400000|  0%| F|  |TAMS 0x0000000670000000| PB 0x0000000670000000| Untracked |  0
|  193|0x0000000670400000, 0x0000000670400000, 0x0000000670800000|  0%| F|  |TAMS 0x0000000670400000| PB 0x0000000670400000| Untracked |  0
|  194|0x0000000670800000, 0x0000000670800000, 0x0000000670c00000|  0%| F|  |TAMS 0x0000000670800000| PB 0x0000000670800000| Untracked |  0
|  195|0x0000000670c00000, 0x0000000670c00000, 0x0000000671000000|  0%| F|  |TAMS 0x0000000670c00000| PB 0x0000000670c00000| Untracked |  0
|  196|0x0000000671000000, 0x0000000671000000, 0x0000000671400000|  0%| F|  |TAMS 0x0000000671000000| PB 0x0000000671000000| Untracked |  0
|  197|0x0000000671400000, 0x0000000671400000, 0x0000000671800000|  0%| F|  |TAMS 0x0000000671400000| PB 0x0000000671400000| Untracked |  0
|  198|0x0000000671800000, 0x0000000671800000, 0x0000000671c00000|  0%| F|  |TAMS 0x0000000671800000| PB 0x0000000671800000| Untracked |  0
|  199|0x0000000671c00000, 0x0000000671c00000, 0x0000000672000000|  0%| F|  |TAMS 0x0000000671c00000| PB 0x0000000671c00000| Untracked |  0
|  200|0x0000000672000000, 0x0000000672000000, 0x0000000672400000|  0%| F|  |TAMS 0x0000000672000000| PB 0x0000000672000000| Untracked |  0
|  201|0x0000000672400000, 0x0000000672400000, 0x0000000672800000|  0%| F|  |TAMS 0x0000000672400000| PB 0x0000000672400000| Untracked |  0
|  202|0x0000000672800000, 0x0000000672800000, 0x0000000672c00000|  0%| F|  |TAMS 0x0000000672800000| PB 0x0000000672800000| Untracked |  0
|  203|0x0000000672c00000, 0x0000000672c00000, 0x0000000673000000|  0%| F|  |TAMS 0x0000000672c00000| PB 0x0000000672c00000| Untracked |  0
|  204|0x0000000673000000, 0x0000000673000000, 0x0000000673400000|  0%| F|  |TAMS 0x0000000673000000| PB 0x0000000673000000| Untracked |  0
|  205|0x0000000673400000, 0x0000000673400000, 0x0000000673800000|  0%| F|  |TAMS 0x0000000673400000| PB 0x0000000673400000| Untracked |  0
|  206|0x0000000673800000, 0x0000000673800000, 0x0000000673c00000|  0%| F|  |TAMS 0x0000000673800000| PB 0x0000000673800000| Untracked |  0
|  207|0x0000000673c00000, 0x0000000673c00000, 0x0000000674000000|  0%| F|  |TAMS 0x0000000673c00000| PB 0x0000000673c00000| Untracked |  0
|  208|0x0000000674000000, 0x0000000674000000, 0x0000000674400000|  0%| F|  |TAMS 0x0000000674000000| PB 0x0000000674000000| Untracked |  0
|  209|0x0000000674400000, 0x0000000674400000, 0x0000000674800000|  0%| F|  |TAMS 0x0000000674400000| PB 0x0000000674400000| Untracked |  0
|  210|0x0000000674800000, 0x0000000674800000, 0x0000000674c00000|  0%| F|  |TAMS 0x0000000674800000| PB 0x0000000674800000| Untracked |  0
|  211|0x0000000674c00000, 0x0000000674c00000, 0x0000000675000000|  0%| F|  |TAMS 0x0000000674c00000| PB 0x0000000674c00000| Untracked |  0
|  212|0x0000000675000000, 0x0000000675000000, 0x0000000675400000|  0%| F|  |TAMS 0x0000000675000000| PB 0x0000000675000000| Untracked |  0
|  213|0x0000000675400000, 0x0000000675400000, 0x0000000675800000|  0%| F|  |TAMS 0x0000000675400000| PB 0x0000000675400000| Untracked |  0
|  214|0x0000000675800000, 0x0000000675800000, 0x0000000675c00000|  0%| F|  |TAMS 0x0000000675800000| PB 0x0000000675800000| Untracked |  0
|  215|0x0000000675c00000, 0x0000000675c00000, 0x0000000676000000|  0%| F|  |TAMS 0x0000000675c00000| PB 0x0000000675c00000| Untracked |  0
|  216|0x0000000676000000, 0x0000000676000000, 0x0000000676400000|  0%| F|  |TAMS 0x0000000676000000| PB 0x0000000676000000| Untracked |  0
|  217|0x0000000676400000, 0x0000000676400000, 0x0000000676800000|  0%| F|  |TAMS 0x0000000676400000| PB 0x0000000676400000| Untracked |  0
|  218|0x0000000676800000, 0x0000000676800000, 0x0000000676c00000|  0%| F|  |TAMS 0x0000000676800000| PB 0x0000000676800000| Untracked |  0
|  219|0x0000000676c00000, 0x0000000676c00000, 0x0000000677000000|  0%| F|  |TAMS 0x0000000676c00000| PB 0x0000000676c00000| Untracked |  0
|  220|0x0000000677000000, 0x0000000677000000, 0x0000000677400000|  0%| F|  |TAMS 0x0000000677000000| PB 0x0000000677000000| Untracked |  0
|  221|0x0000000677400000, 0x0000000677400000, 0x0000000677800000|  0%| F|  |TAMS 0x0000000677400000| PB 0x0000000677400000| Untracked |  0
|  222|0x0000000677800000, 0x0000000677800000, 0x0000000677c00000|  0%| F|  |TAMS 0x0000000677800000| PB 0x0000000677800000| Untracked |  0
|  223|0x0000000677c00000, 0x0000000677c00000, 0x0000000678000000|  0%| F|  |TAMS 0x0000000677c00000| PB 0x0000000677c00000| Untracked |  0
|  224|0x0000000678000000, 0x0000000678000000, 0x0000000678400000|  0%| F|  |TAMS 0x0000000678000000| PB 0x0000000678000000| Untracked |  0
|  225|0x0000000678400000, 0x0000000678400000, 0x0000000678800000|  0%| F|  |TAMS 0x0000000678400000| PB 0x0000000678400000| Untracked |  0
|  226|0x0000000678800000, 0x0000000678800000, 0x0000000678c00000|  0%| F|  |TAMS 0x0000000678800000| PB 0x0000000678800000| Untracked |  0
|  227|0x0000000678c00000, 0x0000000678c00000, 0x0000000679000000|  0%| F|  |TAMS 0x0000000678c00000| PB 0x0000000678c00000| Untracked |  0
|  228|0x0000000679000000, 0x0000000679000000, 0x0000000679400000|  0%| F|  |TAMS 0x0000000679000000| PB 0x0000000679000000| Untracked |  0
|  229|0x0000000679400000, 0x0000000679400000, 0x0000000679800000|  0%| F|  |TAMS 0x0000000679400000| PB 0x0000000679400000| Untracked |  0
|  230|0x0000000679800000, 0x0000000679800000, 0x0000000679c00000|  0%| F|  |TAMS 0x0000000679800000| PB 0x0000000679800000| Untracked |  0
|  231|0x0000000679c00000, 0x0000000679c00000, 0x000000067a000000|  0%| F|  |TAMS 0x0000000679c00000| PB 0x0000000679c00000| Untracked |  0
|  232|0x000000067a000000, 0x000000067a000000, 0x000000067a400000|  0%| F|  |TAMS 0x000000067a000000| PB 0x000000067a000000| Untracked |  0
|  233|0x000000067a400000, 0x000000067a400000, 0x000000067a800000|  0%| F|  |TAMS 0x000000067a400000| PB 0x000000067a400000| Untracked |  0
|  234|0x000000067a800000, 0x000000067a800000, 0x000000067ac00000|  0%| F|  |TAMS 0x000000067a800000| PB 0x000000067a800000| Untracked |  0
|  235|0x000000067ac00000, 0x000000067ac00000, 0x000000067b000000|  0%| F|  |TAMS 0x000000067ac00000| PB 0x000000067ac00000| Untracked |  0
|  236|0x000000067b000000, 0x000000067b000000, 0x000000067b400000|  0%| F|  |TAMS 0x000000067b000000| PB 0x000000067b000000| Untracked |  0
|  237|0x000000067b400000, 0x000000067b400000, 0x000000067b800000|  0%| F|  |TAMS 0x000000067b400000| PB 0x000000067b400000| Untracked |  0
|  238|0x000000067b800000, 0x000000067b800000, 0x000000067bc00000|  0%| F|  |TAMS 0x000000067b800000| PB 0x000000067b800000| Untracked |  0
|  239|0x000000067bc00000, 0x000000067bc00000, 0x000000067c000000|  0%| F|  |TAMS 0x000000067bc00000| PB 0x000000067bc00000| Untracked |  0
|  240|0x000000067c000000, 0x000000067c000000, 0x000000067c400000|  0%| F|  |TAMS 0x000000067c000000| PB 0x000000067c000000| Untracked |  0
|  241|0x000000067c400000, 0x000000067c400000, 0x000000067c800000|  0%| F|  |TAMS 0x000000067c400000| PB 0x000000067c400000| Untracked |  0
|  242|0x000000067c800000, 0x000000067c800000, 0x000000067cc00000|  0%| F|  |TAMS 0x000000067c800000| PB 0x000000067c800000| Untracked |  0
|  243|0x000000067cc00000, 0x000000067cc00000, 0x000000067d000000|  0%| F|  |TAMS 0x000000067cc00000| PB 0x000000067cc00000| Untracked |  0
|  244|0x000000067d000000, 0x000000067d000000, 0x000000067d400000|  0%| F|  |TAMS 0x000000067d000000| PB 0x000000067d000000| Untracked |  0
|  245|0x000000067d400000, 0x000000067d400000, 0x000000067d800000|  0%| F|  |TAMS 0x000000067d400000| PB 0x000000067d400000| Untracked |  0
|  246|0x000000067d800000, 0x000000067d800000, 0x000000067dc00000|  0%| F|  |TAMS 0x000000067d800000| PB 0x000000067d800000| Untracked |  0
|  247|0x000000067dc00000, 0x000000067dc00000, 0x000000067e000000|  0%| F|  |TAMS 0x000000067dc00000| PB 0x000000067dc00000| Untracked |  0
|  248|0x000000067e000000, 0x000000067e000000, 0x000000067e400000|  0%| F|  |TAMS 0x000000067e000000| PB 0x000000067e000000| Untracked |  0
|  249|0x000000067e400000, 0x000000067e400000, 0x000000067e800000|  0%| F|  |TAMS 0x000000067e400000| PB 0x000000067e400000| Untracked |  0
|  250|0x000000067e800000, 0x000000067e800000, 0x000000067ec00000|  0%| F|  |TAMS 0x000000067e800000| PB 0x000000067e800000| Untracked |  0
|  251|0x000000067ec00000, 0x000000067ec00000, 0x000000067f000000|  0%| F|  |TAMS 0x000000067ec00000| PB 0x000000067ec00000| Untracked |  0
|  252|0x000000067f000000, 0x000000067f000000, 0x000000067f400000|  0%| F|  |TAMS 0x000000067f000000| PB 0x000000067f000000| Untracked |  0
|  253|0x000000067f400000, 0x000000067f400000, 0x000000067f800000|  0%| F|  |TAMS 0x000000067f400000| PB 0x000000067f400000| Untracked |  0
|  254|0x000000067f800000, 0x000000067f800000, 0x000000067fc00000|  0%| F|  |TAMS 0x000000067f800000| PB 0x000000067f800000| Untracked |  0
|  255|0x000000067fc00000, 0x000000067fc00000, 0x0000000680000000|  0%| F|  |TAMS 0x000000067fc00000| PB 0x000000067fc00000| Untracked |  0
|  256|0x0000000680000000, 0x0000000680000000, 0x0000000680400000|  0%| F|  |TAMS 0x0000000680000000| PB 0x0000000680000000| Untracked |  0
|  257|0x0000000680400000, 0x0000000680400000, 0x0000000680800000|  0%| F|  |TAMS 0x0000000680400000| PB 0x0000000680400000| Untracked |  0
|  258|0x0000000680800000, 0x0000000680800000, 0x0000000680c00000|  0%| F|  |TAMS 0x0000000680800000| PB 0x0000000680800000| Untracked |  0
|  259|0x0000000680c00000, 0x0000000680c00000, 0x0000000681000000|  0%| F|  |TAMS 0x0000000680c00000| PB 0x0000000680c00000| Untracked |  0
|  260|0x0000000681000000, 0x0000000681000000, 0x0000000681400000|  0%| F|  |TAMS 0x0000000681000000| PB 0x0000000681000000| Untracked |  0
|  261|0x0000000681400000, 0x0000000681400000, 0x0000000681800000|  0%| F|  |TAMS 0x0000000681400000| PB 0x0000000681400000| Untracked |  0
|  262|0x0000000681800000, 0x0000000681800000, 0x0000000681c00000|  0%| F|  |TAMS 0x0000000681800000| PB 0x0000000681800000| Untracked |  0
|  263|0x0000000681c00000, 0x0000000681c00000, 0x0000000682000000|  0%| F|  |TAMS 0x0000000681c00000| PB 0x0000000681c00000| Untracked |  0
|  264|0x0000000682000000, 0x0000000682000000, 0x0000000682400000|  0%| F|  |TAMS 0x0000000682000000| PB 0x0000000682000000| Untracked |  0
|  265|0x0000000682400000, 0x0000000682400000, 0x0000000682800000|  0%| F|  |TAMS 0x0000000682400000| PB 0x0000000682400000| Untracked |  0
|  266|0x0000000682800000, 0x0000000682800000, 0x0000000682c00000|  0%| F|  |TAMS 0x0000000682800000| PB 0x0000000682800000| Untracked |  0
|  267|0x0000000682c00000, 0x0000000682c00000, 0x0000000683000000|  0%| F|  |TAMS 0x0000000682c00000| PB 0x0000000682c00000| Untracked |  0
|  268|0x0000000683000000, 0x0000000683000000, 0x0000000683400000|  0%| F|  |TAMS 0x0000000683000000| PB 0x0000000683000000| Untracked |  0
|  269|0x0000000683400000, 0x0000000683400000, 0x0000000683800000|  0%| F|  |TAMS 0x0000000683400000| PB 0x0000000683400000| Untracked |  0
|  270|0x0000000683800000, 0x0000000683800000, 0x0000000683c00000|  0%| F|  |TAMS 0x0000000683800000| PB 0x0000000683800000| Untracked |  0
|  271|0x0000000683c00000, 0x0000000683c00000, 0x0000000684000000|  0%| F|  |TAMS 0x0000000683c00000| PB 0x0000000683c00000| Untracked |  0
|  272|0x0000000684000000, 0x0000000684000000, 0x0000000684400000|  0%| F|  |TAMS 0x0000000684000000| PB 0x0000000684000000| Untracked |  0
|  273|0x0000000684400000, 0x0000000684400000, 0x0000000684800000|  0%| F|  |TAMS 0x0000000684400000| PB 0x0000000684400000| Untracked |  0
|  274|0x0000000684800000, 0x0000000684800000, 0x0000000684c00000|  0%| F|  |TAMS 0x0000000684800000| PB 0x0000000684800000| Untracked |  0
|  275|0x0000000684c00000, 0x0000000684c00000, 0x0000000685000000|  0%| F|  |TAMS 0x0000000684c00000| PB 0x0000000684c00000| Untracked |  0
|  276|0x0000000685000000, 0x0000000685000000, 0x0000000685400000|  0%| F|  |TAMS 0x0000000685000000| PB 0x0000000685000000| Untracked |  0
|  277|0x0000000685400000, 0x0000000685400000, 0x0000000685800000|  0%| F|  |TAMS 0x0000000685400000| PB 0x0000000685400000| Untracked |  0
|  278|0x0000000685800000, 0x0000000685800000, 0x0000000685c00000|  0%| F|  |TAMS 0x0000000685800000| PB 0x0000000685800000| Untracked |  0
|  279|0x0000000685c00000, 0x0000000685c00000, 0x0000000686000000|  0%| F|  |TAMS 0x0000000685c00000| PB 0x0000000685c00000| Untracked |  0
|  280|0x0000000686000000, 0x0000000686000000, 0x0000000686400000|  0%| F|  |TAMS 0x0000000686000000| PB 0x0000000686000000| Untracked |  0
|  281|0x0000000686400000, 0x0000000686400000, 0x0000000686800000|  0%| F|  |TAMS 0x0000000686400000| PB 0x0000000686400000| Untracked |  0
|  282|0x0000000686800000, 0x0000000686800000, 0x0000000686c00000|  0%| F|  |TAMS 0x0000000686800000| PB 0x0000000686800000| Untracked |  0
|  283|0x0000000686c00000, 0x0000000686c00000, 0x0000000687000000|  0%| F|  |TAMS 0x0000000686c00000| PB 0x0000000686c00000| Untracked |  0
|  284|0x0000000687000000, 0x0000000687000000, 0x0000000687400000|  0%| F|  |TAMS 0x0000000687000000| PB 0x0000000687000000| Untracked |  0
|  285|0x0000000687400000, 0x0000000687400000, 0x0000000687800000|  0%| F|  |TAMS 0x0000000687400000| PB 0x0000000687400000| Untracked |  0
|  286|0x0000000687800000, 0x0000000687800000, 0x0000000687c00000|  0%| F|  |TAMS 0x0000000687800000| PB 0x0000000687800000| Untracked |  0
|  287|0x0000000687c00000, 0x0000000687c00000, 0x0000000688000000|  0%| F|  |TAMS 0x0000000687c00000| PB 0x0000000687c00000| Untracked |  0
|  288|0x0000000688000000, 0x0000000688000000, 0x0000000688400000|  0%| F|  |TAMS 0x0000000688000000| PB 0x0000000688000000| Untracked |  0
|  289|0x0000000688400000, 0x0000000688400000, 0x0000000688800000|  0%| F|  |TAMS 0x0000000688400000| PB 0x0000000688400000| Untracked |  0
|  290|0x0000000688800000, 0x0000000688800000, 0x0000000688c00000|  0%| F|  |TAMS 0x0000000688800000| PB 0x0000000688800000| Untracked |  0
|  291|0x0000000688c00000, 0x0000000688c00000, 0x0000000689000000|  0%| F|  |TAMS 0x0000000688c00000| PB 0x0000000688c00000| Untracked |  0
|  292|0x0000000689000000, 0x0000000689000000, 0x0000000689400000|  0%| F|  |TAMS 0x0000000689000000| PB 0x0000000689000000| Untracked |  0
|  293|0x0000000689400000, 0x0000000689400000, 0x0000000689800000|  0%| F|  |TAMS 0x0000000689400000| PB 0x0000000689400000| Untracked |  0
|  294|0x0000000689800000, 0x0000000689800000, 0x0000000689c00000|  0%| F|  |TAMS 0x0000000689800000| PB 0x0000000689800000| Untracked |  0
|  295|0x0000000689c00000, 0x0000000689c00000, 0x000000068a000000|  0%| F|  |TAMS 0x0000000689c00000| PB 0x0000000689c00000| Untracked |  0
|  296|0x000000068a000000, 0x000000068a000000, 0x000000068a400000|  0%| F|  |TAMS 0x000000068a000000| PB 0x000000068a000000| Untracked |  0
|  297|0x000000068a400000, 0x000000068a400000, 0x000000068a800000|  0%| F|  |TAMS 0x000000068a400000| PB 0x000000068a400000| Untracked |  0
|  298|0x000000068a800000, 0x000000068a800000, 0x000000068ac00000|  0%| F|  |TAMS 0x000000068a800000| PB 0x000000068a800000| Untracked |  0
|  299|0x000000068ac00000, 0x000000068ac00000, 0x000000068b000000|  0%| F|  |TAMS 0x000000068ac00000| PB 0x000000068ac00000| Untracked |  0
|  300|0x000000068b000000, 0x000000068b000000, 0x000000068b400000|  0%| F|  |TAMS 0x000000068b000000| PB 0x000000068b000000| Untracked |  0
|  301|0x000000068b400000, 0x000000068b400000, 0x000000068b800000|  0%| F|  |TAMS 0x000000068b400000| PB 0x000000068b400000| Untracked |  0
|  302|0x000000068b800000, 0x000000068b800000, 0x000000068bc00000|  0%| F|  |TAMS 0x000000068b800000| PB 0x000000068b800000| Untracked |  0
|  303|0x000000068bc00000, 0x000000068bc00000, 0x000000068c000000|  0%| F|  |TAMS 0x000000068bc00000| PB 0x000000068bc00000| Untracked |  0
|  304|0x000000068c000000, 0x000000068c000000, 0x000000068c400000|  0%| F|  |TAMS 0x000000068c000000| PB 0x000000068c000000| Untracked |  0
|  305|0x000000068c400000, 0x000000068c400000, 0x000000068c800000|  0%| F|  |TAMS 0x000000068c400000| PB 0x000000068c400000| Untracked |  0
|  306|0x000000068c800000, 0x000000068c800000, 0x000000068cc00000|  0%| F|  |TAMS 0x000000068c800000| PB 0x000000068c800000| Untracked |  0
|  307|0x000000068cc00000, 0x000000068cc00000, 0x000000068d000000|  0%| F|  |TAMS 0x000000068cc00000| PB 0x000000068cc00000| Untracked |  0
|  308|0x000000068d000000, 0x000000068d000000, 0x000000068d400000|  0%| F|  |TAMS 0x000000068d000000| PB 0x000000068d000000| Untracked |  0
|  309|0x000000068d400000, 0x000000068d400000, 0x000000068d800000|  0%| F|  |TAMS 0x000000068d400000| PB 0x000000068d400000| Untracked |  0
|  310|0x000000068d800000, 0x000000068d800000, 0x000000068dc00000|  0%| F|  |TAMS 0x000000068d800000| PB 0x000000068d800000| Untracked |  0
|  311|0x000000068dc00000, 0x000000068dc00000, 0x000000068e000000|  0%| F|  |TAMS 0x000000068dc00000| PB 0x000000068dc00000| Untracked |  0
|  312|0x000000068e000000, 0x000000068e000000, 0x000000068e400000|  0%| F|  |TAMS 0x000000068e000000| PB 0x000000068e000000| Untracked |  0
|  313|0x000000068e400000, 0x000000068e400000, 0x000000068e800000|  0%| F|  |TAMS 0x000000068e400000| PB 0x000000068e400000| Untracked |  0
|  314|0x000000068e800000, 0x000000068e800000, 0x000000068ec00000|  0%| F|  |TAMS 0x000000068e800000| PB 0x000000068e800000| Untracked |  0
|  315|0x000000068ec00000, 0x000000068ec00000, 0x000000068f000000|  0%| F|  |TAMS 0x000000068ec00000| PB 0x000000068ec00000| Untracked |  0
|  316|0x000000068f000000, 0x000000068f000000, 0x000000068f400000|  0%| F|  |TAMS 0x000000068f000000| PB 0x000000068f000000| Untracked |  0
|  317|0x000000068f400000, 0x000000068f400000, 0x000000068f800000|  0%| F|  |TAMS 0x000000068f400000| PB 0x000000068f400000| Untracked |  0
|  318|0x000000068f800000, 0x000000068f800000, 0x000000068fc00000|  0%| F|  |TAMS 0x000000068f800000| PB 0x000000068f800000| Untracked |  0
|  319|0x000000068fc00000, 0x000000068fc00000, 0x0000000690000000|  0%| F|  |TAMS 0x000000068fc00000| PB 0x000000068fc00000| Untracked |  0
|  320|0x0000000690000000, 0x0000000690000000, 0x0000000690400000|  0%| F|  |TAMS 0x0000000690000000| PB 0x0000000690000000| Untracked |  0
|  321|0x0000000690400000, 0x0000000690400000, 0x0000000690800000|  0%| F|  |TAMS 0x0000000690400000| PB 0x0000000690400000| Untracked |  0
|  322|0x0000000690800000, 0x0000000690800000, 0x0000000690c00000|  0%| F|  |TAMS 0x0000000690800000| PB 0x0000000690800000| Untracked |  0
|  323|0x0000000690c00000, 0x0000000690c00000, 0x0000000691000000|  0%| F|  |TAMS 0x0000000690c00000| PB 0x0000000690c00000| Untracked |  0
|  324|0x0000000691000000, 0x0000000691000000, 0x0000000691400000|  0%| F|  |TAMS 0x0000000691000000| PB 0x0000000691000000| Untracked |  0
|  325|0x0000000691400000, 0x0000000691400000, 0x0000000691800000|  0%| F|  |TAMS 0x0000000691400000| PB 0x0000000691400000| Untracked |  0
|  326|0x0000000691800000, 0x0000000691800000, 0x0000000691c00000|  0%| F|  |TAMS 0x0000000691800000| PB 0x0000000691800000| Untracked |  0
|  327|0x0000000691c00000, 0x0000000691c00000, 0x0000000692000000|  0%| F|  |TAMS 0x0000000691c00000| PB 0x0000000691c00000| Untracked |  0
|  328|0x0000000692000000, 0x0000000692000000, 0x0000000692400000|  0%| F|  |TAMS 0x0000000692000000| PB 0x0000000692000000| Untracked |  0
|  329|0x0000000692400000, 0x0000000692400000, 0x0000000692800000|  0%| F|  |TAMS 0x0000000692400000| PB 0x0000000692400000| Untracked |  0
|  330|0x0000000692800000, 0x0000000692800000, 0x0000000692c00000|  0%| F|  |TAMS 0x0000000692800000| PB 0x0000000692800000| Untracked |  0
|  331|0x0000000692c00000, 0x0000000692c00000, 0x0000000693000000|  0%| F|  |TAMS 0x0000000692c00000| PB 0x0000000692c00000| Untracked |  0
|  332|0x0000000693000000, 0x0000000693000000, 0x0000000693400000|  0%| F|  |TAMS 0x0000000693000000| PB 0x0000000693000000| Untracked |  0
|  333|0x0000000693400000, 0x0000000693400000, 0x0000000693800000|  0%| F|  |TAMS 0x0000000693400000| PB 0x0000000693400000| Untracked |  0
|  334|0x0000000693800000, 0x0000000693800000, 0x0000000693c00000|  0%| F|  |TAMS 0x0000000693800000| PB 0x0000000693800000| Untracked |  0
|  335|0x0000000693c00000, 0x0000000693c00000, 0x0000000694000000|  0%| F|  |TAMS 0x0000000693c00000| PB 0x0000000693c00000| Untracked |  0
|  336|0x0000000694000000, 0x0000000694000000, 0x0000000694400000|  0%| F|  |TAMS 0x0000000694000000| PB 0x0000000694000000| Untracked |  0
|  337|0x0000000694400000, 0x0000000694400000, 0x0000000694800000|  0%| F|  |TAMS 0x0000000694400000| PB 0x0000000694400000| Untracked |  0
|  338|0x0000000694800000, 0x0000000694800000, 0x0000000694c00000|  0%| F|  |TAMS 0x0000000694800000| PB 0x0000000694800000| Untracked |  0
|  339|0x0000000694c00000, 0x0000000694c00000, 0x0000000695000000|  0%| F|  |TAMS 0x0000000694c00000| PB 0x0000000694c00000| Untracked |  0
|  340|0x0000000695000000, 0x0000000695000000, 0x0000000695400000|  0%| F|  |TAMS 0x0000000695000000| PB 0x0000000695000000| Untracked |  0
|  341|0x0000000695400000, 0x0000000695400000, 0x0000000695800000|  0%| F|  |TAMS 0x0000000695400000| PB 0x0000000695400000| Untracked |  0
|  342|0x0000000695800000, 0x0000000695800000, 0x0000000695c00000|  0%| F|  |TAMS 0x0000000695800000| PB 0x0000000695800000| Untracked |  0
|  343|0x0000000695c00000, 0x0000000695c00000, 0x0000000696000000|  0%| F|  |TAMS 0x0000000695c00000| PB 0x0000000695c00000| Untracked |  0
|  344|0x0000000696000000, 0x0000000696000000, 0x0000000696400000|  0%| F|  |TAMS 0x0000000696000000| PB 0x0000000696000000| Untracked |  0
|  345|0x0000000696400000, 0x0000000696400000, 0x0000000696800000|  0%| F|  |TAMS 0x0000000696400000| PB 0x0000000696400000| Untracked |  0
|  346|0x0000000696800000, 0x0000000696800000, 0x0000000696c00000|  0%| F|  |TAMS 0x0000000696800000| PB 0x0000000696800000| Untracked |  0
|  347|0x0000000696c00000, 0x0000000696c00000, 0x0000000697000000|  0%| F|  |TAMS 0x0000000696c00000| PB 0x0000000696c00000| Untracked |  0
|  348|0x0000000697000000, 0x0000000697000000, 0x0000000697400000|  0%| F|  |TAMS 0x0000000697000000| PB 0x0000000697000000| Untracked |  0
|  349|0x0000000697400000, 0x0000000697400000, 0x0000000697800000|  0%| F|  |TAMS 0x0000000697400000| PB 0x0000000697400000| Untracked |  0
|  350|0x0000000697800000, 0x0000000697800000, 0x0000000697c00000|  0%| F|  |TAMS 0x0000000697800000| PB 0x0000000697800000| Untracked |  0
|  351|0x0000000697c00000, 0x0000000697c00000, 0x0000000698000000|  0%| F|  |TAMS 0x0000000697c00000| PB 0x0000000697c00000| Untracked |  0
|  352|0x0000000698000000, 0x0000000698000000, 0x0000000698400000|  0%| F|  |TAMS 0x0000000698000000| PB 0x0000000698000000| Untracked |  0
|  353|0x0000000698400000, 0x0000000698400000, 0x0000000698800000|  0%| F|  |TAMS 0x0000000698400000| PB 0x0000000698400000| Untracked |  0
|  354|0x0000000698800000, 0x0000000698800000, 0x0000000698c00000|  0%| F|  |TAMS 0x0000000698800000| PB 0x0000000698800000| Untracked |  0
|  355|0x0000000698c00000, 0x0000000698c00000, 0x0000000699000000|  0%| F|  |TAMS 0x0000000698c00000| PB 0x0000000698c00000| Untracked |  0
|  356|0x0000000699000000, 0x0000000699000000, 0x0000000699400000|  0%| F|  |TAMS 0x0000000699000000| PB 0x0000000699000000| Untracked |  0
|  357|0x0000000699400000, 0x0000000699400000, 0x0000000699800000|  0%| F|  |TAMS 0x0000000699400000| PB 0x0000000699400000| Untracked |  0
|  358|0x0000000699800000, 0x0000000699800000, 0x0000000699c00000|  0%| F|  |TAMS 0x0000000699800000| PB 0x0000000699800000| Untracked |  0
|  359|0x0000000699c00000, 0x0000000699c00000, 0x000000069a000000|  0%| F|  |TAMS 0x0000000699c00000| PB 0x0000000699c00000| Untracked |  0
|  360|0x000000069a000000, 0x000000069a000000, 0x000000069a400000|  0%| F|  |TAMS 0x000000069a000000| PB 0x000000069a000000| Untracked |  0
|  361|0x000000069a400000, 0x000000069a400000, 0x000000069a800000|  0%| F|  |TAMS 0x000000069a400000| PB 0x000000069a400000| Untracked |  0
|  362|0x000000069a800000, 0x000000069a800000, 0x000000069ac00000|  0%| F|  |TAMS 0x000000069a800000| PB 0x000000069a800000| Untracked |  0
|  363|0x000000069ac00000, 0x000000069ac00000, 0x000000069b000000|  0%| F|  |TAMS 0x000000069ac00000| PB 0x000000069ac00000| Untracked |  0
|  364|0x000000069b000000, 0x000000069b000000, 0x000000069b400000|  0%| F|  |TAMS 0x000000069b000000| PB 0x000000069b000000| Untracked |  0
|  365|0x000000069b400000, 0x000000069b400000, 0x000000069b800000|  0%| F|  |TAMS 0x000000069b400000| PB 0x000000069b400000| Untracked |  0
|  366|0x000000069b800000, 0x000000069b800000, 0x000000069bc00000|  0%| F|  |TAMS 0x000000069b800000| PB 0x000000069b800000| Untracked |  0
|  367|0x000000069bc00000, 0x000000069bc00000, 0x000000069c000000|  0%| F|  |TAMS 0x000000069bc00000| PB 0x000000069bc00000| Untracked |  0
|  368|0x000000069c000000, 0x000000069c000000, 0x000000069c400000|  0%| F|  |TAMS 0x000000069c000000| PB 0x000000069c000000| Untracked |  0
|  369|0x000000069c400000, 0x000000069c400000, 0x000000069c800000|  0%| F|  |TAMS 0x000000069c400000| PB 0x000000069c400000| Untracked |  0
|  370|0x000000069c800000, 0x000000069c800000, 0x000000069cc00000|  0%| F|  |TAMS 0x000000069c800000| PB 0x000000069c800000| Untracked |  0
|  371|0x000000069cc00000, 0x000000069cc00000, 0x000000069d000000|  0%| F|  |TAMS 0x000000069cc00000| PB 0x000000069cc00000| Untracked |  0
|  372|0x000000069d000000, 0x000000069d000000, 0x000000069d400000|  0%| F|  |TAMS 0x000000069d000000| PB 0x000000069d000000| Untracked |  0
|  373|0x000000069d400000, 0x000000069d400000, 0x000000069d800000|  0%| F|  |TAMS 0x000000069d400000| PB 0x000000069d400000| Untracked |  0
|  374|0x000000069d800000, 0x000000069d800000, 0x000000069dc00000|  0%| F|  |TAMS 0x000000069d800000| PB 0x000000069d800000| Untracked |  0
|  375|0x000000069dc00000, 0x000000069dc00000, 0x000000069e000000|  0%| F|  |TAMS 0x000000069dc00000| PB 0x000000069dc00000| Untracked |  0
|  376|0x000000069e000000, 0x000000069e000000, 0x000000069e400000|  0%| F|  |TAMS 0x000000069e000000| PB 0x000000069e000000| Untracked |  0
|  377|0x000000069e400000, 0x000000069e400000, 0x000000069e800000|  0%| F|  |TAMS 0x000000069e400000| PB 0x000000069e400000| Untracked |  0
|  378|0x000000069e800000, 0x000000069e800000, 0x000000069ec00000|  0%| F|  |TAMS 0x000000069e800000| PB 0x000000069e800000| Untracked |  0
|  379|0x000000069ec00000, 0x000000069ec00000, 0x000000069f000000|  0%| F|  |TAMS 0x000000069ec00000| PB 0x000000069ec00000| Untracked |  0
|  380|0x000000069f000000, 0x000000069f000000, 0x000000069f400000|  0%| F|  |TAMS 0x000000069f000000| PB 0x000000069f000000| Untracked |  0
|  381|0x000000069f400000, 0x000000069f400000, 0x000000069f800000|  0%| F|  |TAMS 0x000000069f400000| PB 0x000000069f400000| Untracked |  0
|  382|0x000000069f800000, 0x000000069f800000, 0x000000069fc00000|  0%| F|  |TAMS 0x000000069f800000| PB 0x000000069f800000| Untracked |  0
|  383|0x000000069fc00000, 0x000000069fc00000, 0x00000006a0000000|  0%| F|  |TAMS 0x000000069fc00000| PB 0x000000069fc00000| Untracked |  0
|  384|0x00000006a0000000, 0x00000006a0000000, 0x00000006a0400000|  0%| F|  |TAMS 0x00000006a0000000| PB 0x00000006a0000000| Untracked |  0
|  385|0x00000006a0400000, 0x00000006a0400000, 0x00000006a0800000|  0%| F|  |TAMS 0x00000006a0400000| PB 0x00000006a0400000| Untracked |  0
|  386|0x00000006a0800000, 0x00000006a0800000, 0x00000006a0c00000|  0%| F|  |TAMS 0x00000006a0800000| PB 0x00000006a0800000| Untracked |  0
|  387|0x00000006a0c00000, 0x00000006a0c00000, 0x00000006a1000000|  0%| F|  |TAMS 0x00000006a0c00000| PB 0x00000006a0c00000| Untracked |  0
|  388|0x00000006a1000000, 0x00000006a1000000, 0x00000006a1400000|  0%| F|  |TAMS 0x00000006a1000000| PB 0x00000006a1000000| Untracked |  0
|  389|0x00000006a1400000, 0x00000006a1400000, 0x00000006a1800000|  0%| F|  |TAMS 0x00000006a1400000| PB 0x00000006a1400000| Untracked |  0
|  390|0x00000006a1800000, 0x00000006a1800000, 0x00000006a1c00000|  0%| F|  |TAMS 0x00000006a1800000| PB 0x00000006a1800000| Untracked |  0
|  391|0x00000006a1c00000, 0x00000006a1c00000, 0x00000006a2000000|  0%| F|  |TAMS 0x00000006a1c00000| PB 0x00000006a1c00000| Untracked |  0
|  392|0x00000006a2000000, 0x00000006a2000000, 0x00000006a2400000|  0%| F|  |TAMS 0x00000006a2000000| PB 0x00000006a2000000| Untracked |  0
|  393|0x00000006a2400000, 0x00000006a2400000, 0x00000006a2800000|  0%| F|  |TAMS 0x00000006a2400000| PB 0x00000006a2400000| Untracked |  0
|  394|0x00000006a2800000, 0x00000006a2800000, 0x00000006a2c00000|  0%| F|  |TAMS 0x00000006a2800000| PB 0x00000006a2800000| Untracked |  0
|  395|0x00000006a2c00000, 0x00000006a2c00000, 0x00000006a3000000|  0%| F|  |TAMS 0x00000006a2c00000| PB 0x00000006a2c00000| Untracked |  0
|  396|0x00000006a3000000, 0x00000006a3000000, 0x00000006a3400000|  0%| F|  |TAMS 0x00000006a3000000| PB 0x00000006a3000000| Untracked |  0
|  397|0x00000006a3400000, 0x00000006a3400000, 0x00000006a3800000|  0%| F|  |TAMS 0x00000006a3400000| PB 0x00000006a3400000| Untracked |  0
|  398|0x00000006a3800000, 0x00000006a3800000, 0x00000006a3c00000|  0%| F|  |TAMS 0x00000006a3800000| PB 0x00000006a3800000| Untracked |  0
|  399|0x00000006a3c00000, 0x00000006a3c00000, 0x00000006a4000000|  0%| F|  |TAMS 0x00000006a3c00000| PB 0x00000006a3c00000| Untracked |  0
|  400|0x00000006a4000000, 0x00000006a4000000, 0x00000006a4400000|  0%| F|  |TAMS 0x00000006a4000000| PB 0x00000006a4000000| Untracked |  0
|  401|0x00000006a4400000, 0x00000006a4400000, 0x00000006a4800000|  0%| F|  |TAMS 0x00000006a4400000| PB 0x00000006a4400000| Untracked |  0
|  402|0x00000006a4800000, 0x00000006a4800000, 0x00000006a4c00000|  0%| F|  |TAMS 0x00000006a4800000| PB 0x00000006a4800000| Untracked |  0
|  403|0x00000006a4c00000, 0x00000006a4c00000, 0x00000006a5000000|  0%| F|  |TAMS 0x00000006a4c00000| PB 0x00000006a4c00000| Untracked |  0
|  404|0x00000006a5000000, 0x00000006a5000000, 0x00000006a5400000|  0%| F|  |TAMS 0x00000006a5000000| PB 0x00000006a5000000| Untracked |  0
|  405|0x00000006a5400000, 0x00000006a5400000, 0x00000006a5800000|  0%| F|  |TAMS 0x00000006a5400000| PB 0x00000006a5400000| Untracked |  0
|  406|0x00000006a5800000, 0x00000006a5800000, 0x00000006a5c00000|  0%| F|  |TAMS 0x00000006a5800000| PB 0x00000006a5800000| Untracked |  0
|  407|0x00000006a5c00000, 0x00000006a5c00000, 0x00000006a6000000|  0%| F|  |TAMS 0x00000006a5c00000| PB 0x00000006a5c00000| Untracked |  0
|  408|0x00000006a6000000, 0x00000006a6000000, 0x00000006a6400000|  0%| F|  |TAMS 0x00000006a6000000| PB 0x00000006a6000000| Untracked |  0
|  409|0x00000006a6400000, 0x00000006a6400000, 0x00000006a6800000|  0%| F|  |TAMS 0x00000006a6400000| PB 0x00000006a6400000| Untracked |  0
|  410|0x00000006a6800000, 0x00000006a6800000, 0x00000006a6c00000|  0%| F|  |TAMS 0x00000006a6800000| PB 0x00000006a6800000| Untracked |  0
|  411|0x00000006a6c00000, 0x00000006a6c00000, 0x00000006a7000000|  0%| F|  |TAMS 0x00000006a6c00000| PB 0x00000006a6c00000| Untracked |  0
|  412|0x00000006a7000000, 0x00000006a7000000, 0x00000006a7400000|  0%| F|  |TAMS 0x00000006a7000000| PB 0x00000006a7000000| Untracked |  0
|  413|0x00000006a7400000, 0x00000006a7400000, 0x00000006a7800000|  0%| F|  |TAMS 0x00000006a7400000| PB 0x00000006a7400000| Untracked |  0
|  414|0x00000006a7800000, 0x00000006a7800000, 0x00000006a7c00000|  0%| F|  |TAMS 0x00000006a7800000| PB 0x00000006a7800000| Untracked |  0
|  415|0x00000006a7c00000, 0x00000006a7c00000, 0x00000006a8000000|  0%| F|  |TAMS 0x00000006a7c00000| PB 0x00000006a7c00000| Untracked |  0
|  416|0x00000006a8000000, 0x00000006a8000000, 0x00000006a8400000|  0%| F|  |TAMS 0x00000006a8000000| PB 0x00000006a8000000| Untracked |  0
|  417|0x00000006a8400000, 0x00000006a8400000, 0x00000006a8800000|  0%| F|  |TAMS 0x00000006a8400000| PB 0x00000006a8400000| Untracked |  0
|  418|0x00000006a8800000, 0x00000006a8800000, 0x00000006a8c00000|  0%| F|  |TAMS 0x00000006a8800000| PB 0x00000006a8800000| Untracked |  0
|  419|0x00000006a8c00000, 0x00000006a8c00000, 0x00000006a9000000|  0%| F|  |TAMS 0x00000006a8c00000| PB 0x00000006a8c00000| Untracked |  0
|  420|0x00000006a9000000, 0x00000006a9000000, 0x00000006a9400000|  0%| F|  |TAMS 0x00000006a9000000| PB 0x00000006a9000000| Untracked |  0
|  421|0x00000006a9400000, 0x00000006a9400000, 0x00000006a9800000|  0%| F|  |TAMS 0x00000006a9400000| PB 0x00000006a9400000| Untracked |  0
|  422|0x00000006a9800000, 0x00000006a9800000, 0x00000006a9c00000|  0%| F|  |TAMS 0x00000006a9800000| PB 0x00000006a9800000| Untracked |  0
|  423|0x00000006a9c00000, 0x00000006a9c00000, 0x00000006aa000000|  0%| F|  |TAMS 0x00000006a9c00000| PB 0x00000006a9c00000| Untracked |  0
|  424|0x00000006aa000000, 0x00000006aa000000, 0x00000006aa400000|  0%| F|  |TAMS 0x00000006aa000000| PB 0x00000006aa000000| Untracked |  0
|  425|0x00000006aa400000, 0x00000006aa400000, 0x00000006aa800000|  0%| F|  |TAMS 0x00000006aa400000| PB 0x00000006aa400000| Untracked |  0
|  426|0x00000006aa800000, 0x00000006aa800000, 0x00000006aac00000|  0%| F|  |TAMS 0x00000006aa800000| PB 0x00000006aa800000| Untracked |  0
|  427|0x00000006aac00000, 0x00000006aac00000, 0x00000006ab000000|  0%| F|  |TAMS 0x00000006aac00000| PB 0x00000006aac00000| Untracked |  0
|  428|0x00000006ab000000, 0x00000006ab000000, 0x00000006ab400000|  0%| F|  |TAMS 0x00000006ab000000| PB 0x00000006ab000000| Untracked |  0
|  429|0x00000006ab400000, 0x00000006ab400000, 0x00000006ab800000|  0%| F|  |TAMS 0x00000006ab400000| PB 0x00000006ab400000| Untracked |  0
|  430|0x00000006ab800000, 0x00000006ab800000, 0x00000006abc00000|  0%| F|  |TAMS 0x00000006ab800000| PB 0x00000006ab800000| Untracked |  0
|  431|0x00000006abc00000, 0x00000006abc00000, 0x00000006ac000000|  0%| F|  |TAMS 0x00000006abc00000| PB 0x00000006abc00000| Untracked |  0
|  432|0x00000006ac000000, 0x00000006ac000000, 0x00000006ac400000|  0%| F|  |TAMS 0x00000006ac000000| PB 0x00000006ac000000| Untracked |  0
|  433|0x00000006ac400000, 0x00000006ac400000, 0x00000006ac800000|  0%| F|  |TAMS 0x00000006ac400000| PB 0x00000006ac400000| Untracked |  0
|  434|0x00000006ac800000, 0x00000006ac800000, 0x00000006acc00000|  0%| F|  |TAMS 0x00000006ac800000| PB 0x00000006ac800000| Untracked |  0
|  435|0x00000006acc00000, 0x00000006acc00000, 0x00000006ad000000|  0%| F|  |TAMS 0x00000006acc00000| PB 0x00000006acc00000| Untracked |  0
|  436|0x00000006ad000000, 0x00000006ad000000, 0x00000006ad400000|  0%| F|  |TAMS 0x00000006ad000000| PB 0x00000006ad000000| Untracked |  0
|  437|0x00000006ad400000, 0x00000006ad400000, 0x00000006ad800000|  0%| F|  |TAMS 0x00000006ad400000| PB 0x00000006ad400000| Untracked |  0
|  438|0x00000006ad800000, 0x00000006ad800000, 0x00000006adc00000|  0%| F|  |TAMS 0x00000006ad800000| PB 0x00000006ad800000| Untracked |  0
|  439|0x00000006adc00000, 0x00000006adc00000, 0x00000006ae000000|  0%| F|  |TAMS 0x00000006adc00000| PB 0x00000006adc00000| Untracked |  0
|  440|0x00000006ae000000, 0x00000006ae000000, 0x00000006ae400000|  0%| F|  |TAMS 0x00000006ae000000| PB 0x00000006ae000000| Untracked |  0
|  441|0x00000006ae400000, 0x00000006ae400000, 0x00000006ae800000|  0%| F|  |TAMS 0x00000006ae400000| PB 0x00000006ae400000| Untracked |  0
|  442|0x00000006ae800000, 0x00000006ae800000, 0x00000006aec00000|  0%| F|  |TAMS 0x00000006ae800000| PB 0x00000006ae800000| Untracked |  0
|  443|0x00000006aec00000, 0x00000006aec00000, 0x00000006af000000|  0%| F|  |TAMS 0x00000006aec00000| PB 0x00000006aec00000| Untracked |  0
|  444|0x00000006af000000, 0x00000006af000000, 0x00000006af400000|  0%| F|  |TAMS 0x00000006af000000| PB 0x00000006af000000| Untracked |  0
|  445|0x00000006af400000, 0x00000006af400000, 0x00000006af800000|  0%| F|  |TAMS 0x00000006af400000| PB 0x00000006af400000| Untracked |  0
|  446|0x00000006af800000, 0x00000006af800000, 0x00000006afc00000|  0%| F|  |TAMS 0x00000006af800000| PB 0x00000006af800000| Untracked |  0
|  447|0x00000006afc00000, 0x00000006afc00000, 0x00000006b0000000|  0%| F|  |TAMS 0x00000006afc00000| PB 0x00000006afc00000| Untracked |  0
|  448|0x00000006b0000000, 0x00000006b0000000, 0x00000006b0400000|  0%| F|  |TAMS 0x00000006b0000000| PB 0x00000006b0000000| Untracked |  0
|  449|0x00000006b0400000, 0x00000006b0400000, 0x00000006b0800000|  0%| F|  |TAMS 0x00000006b0400000| PB 0x00000006b0400000| Untracked |  0
|  450|0x00000006b0800000, 0x00000006b0800000, 0x00000006b0c00000|  0%| F|  |TAMS 0x00000006b0800000| PB 0x00000006b0800000| Untracked |  0
|  451|0x00000006b0c00000, 0x00000006b0c00000, 0x00000006b1000000|  0%| F|  |TAMS 0x00000006b0c00000| PB 0x00000006b0c00000| Untracked |  0
|  452|0x00000006b1000000, 0x00000006b1000000, 0x00000006b1400000|  0%| F|  |TAMS 0x00000006b1000000| PB 0x00000006b1000000| Untracked |  0
|  453|0x00000006b1400000, 0x00000006b1400000, 0x00000006b1800000|  0%| F|  |TAMS 0x00000006b1400000| PB 0x00000006b1400000| Untracked |  0
|  454|0x00000006b1800000, 0x00000006b1800000, 0x00000006b1c00000|  0%| F|  |TAMS 0x00000006b1800000| PB 0x00000006b1800000| Untracked |  0
|  455|0x00000006b1c00000, 0x00000006b1c00000, 0x00000006b2000000|  0%| F|  |TAMS 0x00000006b1c00000| PB 0x00000006b1c00000| Untracked |  0
|  456|0x00000006b2000000, 0x00000006b2000000, 0x00000006b2400000|  0%| F|  |TAMS 0x00000006b2000000| PB 0x00000006b2000000| Untracked |  0
|  457|0x00000006b2400000, 0x00000006b2400000, 0x00000006b2800000|  0%| F|  |TAMS 0x00000006b2400000| PB 0x00000006b2400000| Untracked |  0
|  458|0x00000006b2800000, 0x00000006b2800000, 0x00000006b2c00000|  0%| F|  |TAMS 0x00000006b2800000| PB 0x00000006b2800000| Untracked |  0
|  459|0x00000006b2c00000, 0x00000006b2c00000, 0x00000006b3000000|  0%| F|  |TAMS 0x00000006b2c00000| PB 0x00000006b2c00000| Untracked |  0
|  460|0x00000006b3000000, 0x00000006b3000000, 0x00000006b3400000|  0%| F|  |TAMS 0x00000006b3000000| PB 0x00000006b3000000| Untracked |  0
|  461|0x00000006b3400000, 0x00000006b3400000, 0x00000006b3800000|  0%| F|  |TAMS 0x00000006b3400000| PB 0x00000006b3400000| Untracked |  0
|  462|0x00000006b3800000, 0x00000006b3800000, 0x00000006b3c00000|  0%| F|  |TAMS 0x00000006b3800000| PB 0x00000006b3800000| Untracked |  0
|  463|0x00000006b3c00000, 0x00000006b3c00000, 0x00000006b4000000|  0%| F|  |TAMS 0x00000006b3c00000| PB 0x00000006b3c00000| Untracked |  0
|  464|0x00000006b4000000, 0x00000006b4000000, 0x00000006b4400000|  0%| F|  |TAMS 0x00000006b4000000| PB 0x00000006b4000000| Untracked |  0
|  465|0x00000006b4400000, 0x00000006b4400000, 0x00000006b4800000|  0%| F|  |TAMS 0x00000006b4400000| PB 0x00000006b4400000| Untracked |  0
|  466|0x00000006b4800000, 0x00000006b4800000, 0x00000006b4c00000|  0%| F|  |TAMS 0x00000006b4800000| PB 0x00000006b4800000| Untracked |  0
|  467|0x00000006b4c00000, 0x00000006b4c00000, 0x00000006b5000000|  0%| F|  |TAMS 0x00000006b4c00000| PB 0x00000006b4c00000| Untracked |  0
|  468|0x00000006b5000000, 0x00000006b5000000, 0x00000006b5400000|  0%| F|  |TAMS 0x00000006b5000000| PB 0x00000006b5000000| Untracked |  0
|  469|0x00000006b5400000, 0x00000006b5400000, 0x00000006b5800000|  0%| F|  |TAMS 0x00000006b5400000| PB 0x00000006b5400000| Untracked |  0
|  470|0x00000006b5800000, 0x00000006b5800000, 0x00000006b5c00000|  0%| F|  |TAMS 0x00000006b5800000| PB 0x00000006b5800000| Untracked |  0
|  471|0x00000006b5c00000, 0x00000006b5c00000, 0x00000006b6000000|  0%| F|  |TAMS 0x00000006b5c00000| PB 0x00000006b5c00000| Untracked |  0
|  472|0x00000006b6000000, 0x00000006b6000000, 0x00000006b6400000|  0%| F|  |TAMS 0x00000006b6000000| PB 0x00000006b6000000| Untracked |  0
|  473|0x00000006b6400000, 0x00000006b6400000, 0x00000006b6800000|  0%| F|  |TAMS 0x00000006b6400000| PB 0x00000006b6400000| Untracked |  0
|  474|0x00000006b6800000, 0x00000006b6800000, 0x00000006b6c00000|  0%| F|  |TAMS 0x00000006b6800000| PB 0x00000006b6800000| Untracked |  0
|  475|0x00000006b6c00000, 0x00000006b6c00000, 0x00000006b7000000|  0%| F|  |TAMS 0x00000006b6c00000| PB 0x00000006b6c00000| Untracked |  0
|  476|0x00000006b7000000, 0x00000006b7000000, 0x00000006b7400000|  0%| F|  |TAMS 0x00000006b7000000| PB 0x00000006b7000000| Untracked |  0
|  477|0x00000006b7400000, 0x00000006b7400000, 0x00000006b7800000|  0%| F|  |TAMS 0x00000006b7400000| PB 0x00000006b7400000| Untracked |  0
|  478|0x00000006b7800000, 0x00000006b7800000, 0x00000006b7c00000|  0%| F|  |TAMS 0x00000006b7800000| PB 0x00000006b7800000| Untracked |  0
|  479|0x00000006b7c00000, 0x00000006b7c00000, 0x00000006b8000000|  0%| F|  |TAMS 0x00000006b7c00000| PB 0x00000006b7c00000| Untracked |  0
|  480|0x00000006b8000000, 0x00000006b8000000, 0x00000006b8400000|  0%| F|  |TAMS 0x00000006b8000000| PB 0x00000006b8000000| Untracked |  0
|  481|0x00000006b8400000, 0x00000006b8400000, 0x00000006b8800000|  0%| F|  |TAMS 0x00000006b8400000| PB 0x00000006b8400000| Untracked |  0
|  482|0x00000006b8800000, 0x00000006b8800000, 0x00000006b8c00000|  0%| F|  |TAMS 0x00000006b8800000| PB 0x00000006b8800000| Untracked |  0
|  483|0x00000006b8c00000, 0x00000006b8c00000, 0x00000006b9000000|  0%| F|  |TAMS 0x00000006b8c00000| PB 0x00000006b8c00000| Untracked |  0
|  484|0x00000006b9000000, 0x00000006b9000000, 0x00000006b9400000|  0%| F|  |TAMS 0x00000006b9000000| PB 0x00000006b9000000| Untracked |  0
|  485|0x00000006b9400000, 0x00000006b9400000, 0x00000006b9800000|  0%| F|  |TAMS 0x00000006b9400000| PB 0x00000006b9400000| Untracked |  0
|  486|0x00000006b9800000, 0x00000006b9800000, 0x00000006b9c00000|  0%| F|  |TAMS 0x00000006b9800000| PB 0x00000006b9800000| Untracked |  0
|  487|0x00000006b9c00000, 0x00000006b9c00000, 0x00000006ba000000|  0%| F|  |TAMS 0x00000006b9c00000| PB 0x00000006b9c00000| Untracked |  0
|  488|0x00000006ba000000, 0x00000006ba000000, 0x00000006ba400000|  0%| F|  |TAMS 0x00000006ba000000| PB 0x00000006ba000000| Untracked |  0
|  489|0x00000006ba400000, 0x00000006ba400000, 0x00000006ba800000|  0%| F|  |TAMS 0x00000006ba400000| PB 0x00000006ba400000| Untracked |  0
|  490|0x00000006ba800000, 0x00000006ba800000, 0x00000006bac00000|  0%| F|  |TAMS 0x00000006ba800000| PB 0x00000006ba800000| Untracked |  0
|  491|0x00000006bac00000, 0x00000006bac00000, 0x00000006bb000000|  0%| F|  |TAMS 0x00000006bac00000| PB 0x00000006bac00000| Untracked |  0
|  492|0x00000006bb000000, 0x00000006bb000000, 0x00000006bb400000|  0%| F|  |TAMS 0x00000006bb000000| PB 0x00000006bb000000| Untracked |  0
|  493|0x00000006bb400000, 0x00000006bb400000, 0x00000006bb800000|  0%| F|  |TAMS 0x00000006bb400000| PB 0x00000006bb400000| Untracked |  0
|  494|0x00000006bb800000, 0x00000006bb800000, 0x00000006bbc00000|  0%| F|  |TAMS 0x00000006bb800000| PB 0x00000006bb800000| Untracked |  0
|  495|0x00000006bbc00000, 0x00000006bbc00000, 0x00000006bc000000|  0%| F|  |TAMS 0x00000006bbc00000| PB 0x00000006bbc00000| Untracked |  0
|  496|0x00000006bc000000, 0x00000006bc000000, 0x00000006bc400000|  0%| F|  |TAMS 0x00000006bc000000| PB 0x00000006bc000000| Untracked |  0
|  497|0x00000006bc400000, 0x00000006bc400000, 0x00000006bc800000|  0%| F|  |TAMS 0x00000006bc400000| PB 0x00000006bc400000| Untracked |  0
|  498|0x00000006bc800000, 0x00000006bc800000, 0x00000006bcc00000|  0%| F|  |TAMS 0x00000006bc800000| PB 0x00000006bc800000| Untracked |  0
|  499|0x00000006bcc00000, 0x00000006bcc00000, 0x00000006bd000000|  0%| F|  |TAMS 0x00000006bcc00000| PB 0x00000006bcc00000| Untracked |  0
|  500|0x00000006bd000000, 0x00000006bd000000, 0x00000006bd400000|  0%| F|  |TAMS 0x00000006bd000000| PB 0x00000006bd000000| Untracked |  0
|  501|0x00000006bd400000, 0x00000006bd400000, 0x00000006bd800000|  0%| F|  |TAMS 0x00000006bd400000| PB 0x00000006bd400000| Untracked |  0
|  502|0x00000006bd800000, 0x00000006bd800000, 0x00000006bdc00000|  0%| F|  |TAMS 0x00000006bd800000| PB 0x00000006bd800000| Untracked |  0
|  503|0x00000006bdc00000, 0x00000006bdc00000, 0x00000006be000000|  0%| F|  |TAMS 0x00000006bdc00000| PB 0x00000006bdc00000| Untracked |  0
|  504|0x00000006be000000, 0x00000006be000000, 0x00000006be400000|  0%| F|  |TAMS 0x00000006be000000| PB 0x00000006be000000| Untracked |  0
|  505|0x00000006be400000, 0x00000006be400000, 0x00000006be800000|  0%| F|  |TAMS 0x00000006be400000| PB 0x00000006be400000| Untracked |  0
|  506|0x00000006be800000, 0x00000006be800000, 0x00000006bec00000|  0%| F|  |TAMS 0x00000006be800000| PB 0x00000006be800000| Untracked |  0
|  507|0x00000006bec00000, 0x00000006bec00000, 0x00000006bf000000|  0%| F|  |TAMS 0x00000006bec00000| PB 0x00000006bec00000| Untracked |  0
|  508|0x00000006bf000000, 0x00000006bf000000, 0x00000006bf400000|  0%| F|  |TAMS 0x00000006bf000000| PB 0x00000006bf000000| Untracked |  0
|  509|0x00000006bf400000, 0x00000006bf400000, 0x00000006bf800000|  0%| F|  |TAMS 0x00000006bf400000| PB 0x00000006bf400000| Untracked |  0
|  510|0x00000006bf800000, 0x00000006bf800000, 0x00000006bfc00000|  0%| F|  |TAMS 0x00000006bf800000| PB 0x00000006bf800000| Untracked |  0
|  511|0x00000006bfc00000, 0x00000006bfc00000, 0x00000006c0000000|  0%| F|  |TAMS 0x00000006bfc00000| PB 0x00000006bfc00000| Untracked |  0
|  512|0x00000006c0000000, 0x00000006c0000000, 0x00000006c0400000|  0%| F|  |TAMS 0x00000006c0000000| PB 0x00000006c0000000| Untracked |  0
|  513|0x00000006c0400000, 0x00000006c0400000, 0x00000006c0800000|  0%| F|  |TAMS 0x00000006c0400000| PB 0x00000006c0400000| Untracked |  0
|  514|0x00000006c0800000, 0x00000006c0800000, 0x00000006c0c00000|  0%| F|  |TAMS 0x00000006c0800000| PB 0x00000006c0800000| Untracked |  0
|  515|0x00000006c0c00000, 0x00000006c0c00000, 0x00000006c1000000|  0%| F|  |TAMS 0x00000006c0c00000| PB 0x00000006c0c00000| Untracked |  0
|  516|0x00000006c1000000, 0x00000006c1000000, 0x00000006c1400000|  0%| F|  |TAMS 0x00000006c1000000| PB 0x00000006c1000000| Untracked |  0
|  517|0x00000006c1400000, 0x00000006c1400000, 0x00000006c1800000|  0%| F|  |TAMS 0x00000006c1400000| PB 0x00000006c1400000| Untracked |  0
|  518|0x00000006c1800000, 0x00000006c1800000, 0x00000006c1c00000|  0%| F|  |TAMS 0x00000006c1800000| PB 0x00000006c1800000| Untracked |  0
|  519|0x00000006c1c00000, 0x00000006c1c00000, 0x00000006c2000000|  0%| F|  |TAMS 0x00000006c1c00000| PB 0x00000006c1c00000| Untracked |  0
|  520|0x00000006c2000000, 0x00000006c2000000, 0x00000006c2400000|  0%| F|  |TAMS 0x00000006c2000000| PB 0x00000006c2000000| Untracked |  0
|  521|0x00000006c2400000, 0x00000006c2400000, 0x00000006c2800000|  0%| F|  |TAMS 0x00000006c2400000| PB 0x00000006c2400000| Untracked |  0
|  522|0x00000006c2800000, 0x00000006c2800000, 0x00000006c2c00000|  0%| F|  |TAMS 0x00000006c2800000| PB 0x00000006c2800000| Untracked |  0
|  523|0x00000006c2c00000, 0x00000006c2c00000, 0x00000006c3000000|  0%| F|  |TAMS 0x00000006c2c00000| PB 0x00000006c2c00000| Untracked |  0
|  524|0x00000006c3000000, 0x00000006c3000000, 0x00000006c3400000|  0%| F|  |TAMS 0x00000006c3000000| PB 0x00000006c3000000| Untracked |  0
|  525|0x00000006c3400000, 0x00000006c3400000, 0x00000006c3800000|  0%| F|  |TAMS 0x00000006c3400000| PB 0x00000006c3400000| Untracked |  0
|  526|0x00000006c3800000, 0x00000006c3800000, 0x00000006c3c00000|  0%| F|  |TAMS 0x00000006c3800000| PB 0x00000006c3800000| Untracked |  0
|  527|0x00000006c3c00000, 0x00000006c3c00000, 0x00000006c4000000|  0%| F|  |TAMS 0x00000006c3c00000| PB 0x00000006c3c00000| Untracked |  0
|  528|0x00000006c4000000, 0x00000006c4000000, 0x00000006c4400000|  0%| F|  |TAMS 0x00000006c4000000| PB 0x00000006c4000000| Untracked |  0
|  529|0x00000006c4400000, 0x00000006c4400000, 0x00000006c4800000|  0%| F|  |TAMS 0x00000006c4400000| PB 0x00000006c4400000| Untracked |  0
|  530|0x00000006c4800000, 0x00000006c4800000, 0x00000006c4c00000|  0%| F|  |TAMS 0x00000006c4800000| PB 0x00000006c4800000| Untracked |  0
|  531|0x00000006c4c00000, 0x00000006c4c00000, 0x00000006c5000000|  0%| F|  |TAMS 0x00000006c4c00000| PB 0x00000006c4c00000| Untracked |  0
|  532|0x00000006c5000000, 0x00000006c5000000, 0x00000006c5400000|  0%| F|  |TAMS 0x00000006c5000000| PB 0x00000006c5000000| Untracked |  0
|  533|0x00000006c5400000, 0x00000006c5400000, 0x00000006c5800000|  0%| F|  |TAMS 0x00000006c5400000| PB 0x00000006c5400000| Untracked |  0
|  534|0x00000006c5800000, 0x00000006c5800000, 0x00000006c5c00000|  0%| F|  |TAMS 0x00000006c5800000| PB 0x00000006c5800000| Untracked |  0
|  535|0x00000006c5c00000, 0x00000006c5c00000, 0x00000006c6000000|  0%| F|  |TAMS 0x00000006c5c00000| PB 0x00000006c5c00000| Untracked |  0
|  536|0x00000006c6000000, 0x00000006c6000000, 0x00000006c6400000|  0%| F|  |TAMS 0x00000006c6000000| PB 0x00000006c6000000| Untracked |  0
|  537|0x00000006c6400000, 0x00000006c6400000, 0x00000006c6800000|  0%| F|  |TAMS 0x00000006c6400000| PB 0x00000006c6400000| Untracked |  0
|  538|0x00000006c6800000, 0x00000006c6800000, 0x00000006c6c00000|  0%| F|  |TAMS 0x00000006c6800000| PB 0x00000006c6800000| Untracked |  0
|  539|0x00000006c6c00000, 0x00000006c6c00000, 0x00000006c7000000|  0%| F|  |TAMS 0x00000006c6c00000| PB 0x00000006c6c00000| Untracked |  0
|  540|0x00000006c7000000, 0x00000006c7000000, 0x00000006c7400000|  0%| F|  |TAMS 0x00000006c7000000| PB 0x00000006c7000000| Untracked |  0
|  541|0x00000006c7400000, 0x00000006c7400000, 0x00000006c7800000|  0%| F|  |TAMS 0x00000006c7400000| PB 0x00000006c7400000| Untracked |  0
|  542|0x00000006c7800000, 0x00000006c7800000, 0x00000006c7c00000|  0%| F|  |TAMS 0x00000006c7800000| PB 0x00000006c7800000| Untracked |  0
|  543|0x00000006c7c00000, 0x00000006c7c00000, 0x00000006c8000000|  0%| F|  |TAMS 0x00000006c7c00000| PB 0x00000006c7c00000| Untracked |  0
|  544|0x00000006c8000000, 0x00000006c8000000, 0x00000006c8400000|  0%| F|  |TAMS 0x00000006c8000000| PB 0x00000006c8000000| Untracked |  0
|  545|0x00000006c8400000, 0x00000006c8400000, 0x00000006c8800000|  0%| F|  |TAMS 0x00000006c8400000| PB 0x00000006c8400000| Untracked |  0
|  546|0x00000006c8800000, 0x00000006c8800000, 0x00000006c8c00000|  0%| F|  |TAMS 0x00000006c8800000| PB 0x00000006c8800000| Untracked |  0
|  547|0x00000006c8c00000, 0x00000006c8c00000, 0x00000006c9000000|  0%| F|  |TAMS 0x00000006c8c00000| PB 0x00000006c8c00000| Untracked |  0
|  548|0x00000006c9000000, 0x00000006c9000000, 0x00000006c9400000|  0%| F|  |TAMS 0x00000006c9000000| PB 0x00000006c9000000| Untracked |  0
|  549|0x00000006c9400000, 0x00000006c9400000, 0x00000006c9800000|  0%| F|  |TAMS 0x00000006c9400000| PB 0x00000006c9400000| Untracked |  0
|  550|0x00000006c9800000, 0x00000006c9800000, 0x00000006c9c00000|  0%| F|  |TAMS 0x00000006c9800000| PB 0x00000006c9800000| Untracked |  0
|  551|0x00000006c9c00000, 0x00000006c9c00000, 0x00000006ca000000|  0%| F|  |TAMS 0x00000006c9c00000| PB 0x00000006c9c00000| Untracked |  0
|  552|0x00000006ca000000, 0x00000006ca000000, 0x00000006ca400000|  0%| F|  |TAMS 0x00000006ca000000| PB 0x00000006ca000000| Untracked |  0
|  553|0x00000006ca400000, 0x00000006ca400000, 0x00000006ca800000|  0%| F|  |TAMS 0x00000006ca400000| PB 0x00000006ca400000| Untracked |  0
|  554|0x00000006ca800000, 0x00000006ca800000, 0x00000006cac00000|  0%| F|  |TAMS 0x00000006ca800000| PB 0x00000006ca800000| Untracked |  0
|  555|0x00000006cac00000, 0x00000006cac00000, 0x00000006cb000000|  0%| F|  |TAMS 0x00000006cac00000| PB 0x00000006cac00000| Untracked |  0
|  556|0x00000006cb000000, 0x00000006cb000000, 0x00000006cb400000|  0%| F|  |TAMS 0x00000006cb000000| PB 0x00000006cb000000| Untracked |  0
|  557|0x00000006cb400000, 0x00000006cb400000, 0x00000006cb800000|  0%| F|  |TAMS 0x00000006cb400000| PB 0x00000006cb400000| Untracked |  0
|  558|0x00000006cb800000, 0x00000006cb800000, 0x00000006cbc00000|  0%| F|  |TAMS 0x00000006cb800000| PB 0x00000006cb800000| Untracked |  0
|  559|0x00000006cbc00000, 0x00000006cbc00000, 0x00000006cc000000|  0%| F|  |TAMS 0x00000006cbc00000| PB 0x00000006cbc00000| Untracked |  0
|  560|0x00000006cc000000, 0x00000006cc000000, 0x00000006cc400000|  0%| F|  |TAMS 0x00000006cc000000| PB 0x00000006cc000000| Untracked |  0
|  561|0x00000006cc400000, 0x00000006cc400000, 0x00000006cc800000|  0%| F|  |TAMS 0x00000006cc400000| PB 0x00000006cc400000| Untracked |  0
|  562|0x00000006cc800000, 0x00000006cc800000, 0x00000006ccc00000|  0%| F|  |TAMS 0x00000006cc800000| PB 0x00000006cc800000| Untracked |  0
|  563|0x00000006ccc00000, 0x00000006ccc00000, 0x00000006cd000000|  0%| F|  |TAMS 0x00000006ccc00000| PB 0x00000006ccc00000| Untracked |  0
|  564|0x00000006cd000000, 0x00000006cd000000, 0x00000006cd400000|  0%| F|  |TAMS 0x00000006cd000000| PB 0x00000006cd000000| Untracked |  0
|  565|0x00000006cd400000, 0x00000006cd400000, 0x00000006cd800000|  0%| F|  |TAMS 0x00000006cd400000| PB 0x00000006cd400000| Untracked |  0
|  566|0x00000006cd800000, 0x00000006cd800000, 0x00000006cdc00000|  0%| F|  |TAMS 0x00000006cd800000| PB 0x00000006cd800000| Untracked |  0
|  567|0x00000006cdc00000, 0x00000006cdc00000, 0x00000006ce000000|  0%| F|  |TAMS 0x00000006cdc00000| PB 0x00000006cdc00000| Untracked |  0
|  568|0x00000006ce000000, 0x00000006ce000000, 0x00000006ce400000|  0%| F|  |TAMS 0x00000006ce000000| PB 0x00000006ce000000| Untracked |  0
|  569|0x00000006ce400000, 0x00000006ce400000, 0x00000006ce800000|  0%| F|  |TAMS 0x00000006ce400000| PB 0x00000006ce400000| Untracked |  0
|  570|0x00000006ce800000, 0x00000006ce800000, 0x00000006cec00000|  0%| F|  |TAMS 0x00000006ce800000| PB 0x00000006ce800000| Untracked |  0
|  571|0x00000006cec00000, 0x00000006cec00000, 0x00000006cf000000|  0%| F|  |TAMS 0x00000006cec00000| PB 0x00000006cec00000| Untracked |  0
|  572|0x00000006cf000000, 0x00000006cf000000, 0x00000006cf400000|  0%| F|  |TAMS 0x00000006cf000000| PB 0x00000006cf000000| Untracked |  0
|  573|0x00000006cf400000, 0x00000006cf400000, 0x00000006cf800000|  0%| F|  |TAMS 0x00000006cf400000| PB 0x00000006cf400000| Untracked |  0
|  574|0x00000006cf800000, 0x00000006cf800000, 0x00000006cfc00000|  0%| F|  |TAMS 0x00000006cf800000| PB 0x00000006cf800000| Untracked |  0
|  575|0x00000006cfc00000, 0x00000006cfc00000, 0x00000006d0000000|  0%| F|  |TAMS 0x00000006cfc00000| PB 0x00000006cfc00000| Untracked |  0
|  576|0x00000006d0000000, 0x00000006d0000000, 0x00000006d0400000|  0%| F|  |TAMS 0x00000006d0000000| PB 0x00000006d0000000| Untracked |  0
|  577|0x00000006d0400000, 0x00000006d0400000, 0x00000006d0800000|  0%| F|  |TAMS 0x00000006d0400000| PB 0x00000006d0400000| Untracked |  0
|  578|0x00000006d0800000, 0x00000006d0800000, 0x00000006d0c00000|  0%| F|  |TAMS 0x00000006d0800000| PB 0x00000006d0800000| Untracked |  0
|  579|0x00000006d0c00000, 0x00000006d0c00000, 0x00000006d1000000|  0%| F|  |TAMS 0x00000006d0c00000| PB 0x00000006d0c00000| Untracked |  0
|  580|0x00000006d1000000, 0x00000006d1000000, 0x00000006d1400000|  0%| F|  |TAMS 0x00000006d1000000| PB 0x00000006d1000000| Untracked |  0
|  581|0x00000006d1400000, 0x00000006d1400000, 0x00000006d1800000|  0%| F|  |TAMS 0x00000006d1400000| PB 0x00000006d1400000| Untracked |  0
|  582|0x00000006d1800000, 0x00000006d1800000, 0x00000006d1c00000|  0%| F|  |TAMS 0x00000006d1800000| PB 0x00000006d1800000| Untracked |  0
|  583|0x00000006d1c00000, 0x00000006d1c00000, 0x00000006d2000000|  0%| F|  |TAMS 0x00000006d1c00000| PB 0x00000006d1c00000| Untracked |  0
|  584|0x00000006d2000000, 0x00000006d2000000, 0x00000006d2400000|  0%| F|  |TAMS 0x00000006d2000000| PB 0x00000006d2000000| Untracked |  0
|  585|0x00000006d2400000, 0x00000006d2400000, 0x00000006d2800000|  0%| F|  |TAMS 0x00000006d2400000| PB 0x00000006d2400000| Untracked |  0
|  586|0x00000006d2800000, 0x00000006d2800000, 0x00000006d2c00000|  0%| F|  |TAMS 0x00000006d2800000| PB 0x00000006d2800000| Untracked |  0
|  587|0x00000006d2c00000, 0x00000006d2c00000, 0x00000006d3000000|  0%| F|  |TAMS 0x00000006d2c00000| PB 0x00000006d2c00000| Untracked |  0
|  588|0x00000006d3000000, 0x00000006d3000000, 0x00000006d3400000|  0%| F|  |TAMS 0x00000006d3000000| PB 0x00000006d3000000| Untracked |  0
|  589|0x00000006d3400000, 0x00000006d3400000, 0x00000006d3800000|  0%| F|  |TAMS 0x00000006d3400000| PB 0x00000006d3400000| Untracked |  0
|  590|0x00000006d3800000, 0x00000006d3800000, 0x00000006d3c00000|  0%| F|  |TAMS 0x00000006d3800000| PB 0x00000006d3800000| Untracked |  0
|  591|0x00000006d3c00000, 0x00000006d3c00000, 0x00000006d4000000|  0%| F|  |TAMS 0x00000006d3c00000| PB 0x00000006d3c00000| Untracked |  0
|  592|0x00000006d4000000, 0x00000006d4000000, 0x00000006d4400000|  0%| F|  |TAMS 0x00000006d4000000| PB 0x00000006d4000000| Untracked |  0
|  593|0x00000006d4400000, 0x00000006d4400000, 0x00000006d4800000|  0%| F|  |TAMS 0x00000006d4400000| PB 0x00000006d4400000| Untracked |  0
|  594|0x00000006d4800000, 0x00000006d4800000, 0x00000006d4c00000|  0%| F|  |TAMS 0x00000006d4800000| PB 0x00000006d4800000| Untracked |  0
|  595|0x00000006d4c00000, 0x00000006d4c00000, 0x00000006d5000000|  0%| F|  |TAMS 0x00000006d4c00000| PB 0x00000006d4c00000| Untracked |  0
|  596|0x00000006d5000000, 0x00000006d5000000, 0x00000006d5400000|  0%| F|  |TAMS 0x00000006d5000000| PB 0x00000006d5000000| Untracked |  0
|  597|0x00000006d5400000, 0x00000006d5400000, 0x00000006d5800000|  0%| F|  |TAMS 0x00000006d5400000| PB 0x00000006d5400000| Untracked |  0
|  598|0x00000006d5800000, 0x00000006d5800000, 0x00000006d5c00000|  0%| F|  |TAMS 0x00000006d5800000| PB 0x00000006d5800000| Untracked |  0
|  599|0x00000006d5c00000, 0x00000006d5c00000, 0x00000006d6000000|  0%| F|  |TAMS 0x00000006d5c00000| PB 0x00000006d5c00000| Untracked |  0
|  600|0x00000006d6000000, 0x00000006d6000000, 0x00000006d6400000|  0%| F|  |TAMS 0x00000006d6000000| PB 0x00000006d6000000| Untracked |  0
|  601|0x00000006d6400000, 0x00000006d6400000, 0x00000006d6800000|  0%| F|  |TAMS 0x00000006d6400000| PB 0x00000006d6400000| Untracked |  0
|  602|0x00000006d6800000, 0x00000006d6800000, 0x00000006d6c00000|  0%| F|  |TAMS 0x00000006d6800000| PB 0x00000006d6800000| Untracked |  0
|  603|0x00000006d6c00000, 0x00000006d6c00000, 0x00000006d7000000|  0%| F|  |TAMS 0x00000006d6c00000| PB 0x00000006d6c00000| Untracked |  0
|  604|0x00000006d7000000, 0x00000006d7000000, 0x00000006d7400000|  0%| F|  |TAMS 0x00000006d7000000| PB 0x00000006d7000000| Untracked |  0
|  605|0x00000006d7400000, 0x00000006d7400000, 0x00000006d7800000|  0%| F|  |TAMS 0x00000006d7400000| PB 0x00000006d7400000| Untracked |  0
|  606|0x00000006d7800000, 0x00000006d7800000, 0x00000006d7c00000|  0%| F|  |TAMS 0x00000006d7800000| PB 0x00000006d7800000| Untracked |  0
|  607|0x00000006d7c00000, 0x00000006d7c00000, 0x00000006d8000000|  0%| F|  |TAMS 0x00000006d7c00000| PB 0x00000006d7c00000| Untracked |  0
|  608|0x00000006d8000000, 0x00000006d8000000, 0x00000006d8400000|  0%| F|  |TAMS 0x00000006d8000000| PB 0x00000006d8000000| Untracked |  0
|  609|0x00000006d8400000, 0x00000006d8400000, 0x00000006d8800000|  0%| F|  |TAMS 0x00000006d8400000| PB 0x00000006d8400000| Untracked |  0
|  610|0x00000006d8800000, 0x00000006d8800000, 0x00000006d8c00000|  0%| F|  |TAMS 0x00000006d8800000| PB 0x00000006d8800000| Untracked |  0
|  611|0x00000006d8c00000, 0x00000006d8c00000, 0x00000006d9000000|  0%| F|  |TAMS 0x00000006d8c00000| PB 0x00000006d8c00000| Untracked |  0
|  612|0x00000006d9000000, 0x00000006d9000000, 0x00000006d9400000|  0%| F|  |TAMS 0x00000006d9000000| PB 0x00000006d9000000| Untracked |  0
|  613|0x00000006d9400000, 0x00000006d9400000, 0x00000006d9800000|  0%| F|  |TAMS 0x00000006d9400000| PB 0x00000006d9400000| Untracked |  0
|  614|0x00000006d9800000, 0x00000006d9800000, 0x00000006d9c00000|  0%| F|  |TAMS 0x00000006d9800000| PB 0x00000006d9800000| Untracked |  0
|  615|0x00000006d9c00000, 0x00000006d9c00000, 0x00000006da000000|  0%| F|  |TAMS 0x00000006d9c00000| PB 0x00000006d9c00000| Untracked |  0
|  616|0x00000006da000000, 0x00000006da000000, 0x00000006da400000|  0%| F|  |TAMS 0x00000006da000000| PB 0x00000006da000000| Untracked |  0
|  617|0x00000006da400000, 0x00000006da400000, 0x00000006da800000|  0%| F|  |TAMS 0x00000006da400000| PB 0x00000006da400000| Untracked |  0
|  618|0x00000006da800000, 0x00000006da800000, 0x00000006dac00000|  0%| F|  |TAMS 0x00000006da800000| PB 0x00000006da800000| Untracked |  0
|  619|0x00000006dac00000, 0x00000006dac00000, 0x00000006db000000|  0%| F|  |TAMS 0x00000006dac00000| PB 0x00000006dac00000| Untracked |  0
|  620|0x00000006db000000, 0x00000006db000000, 0x00000006db400000|  0%| F|  |TAMS 0x00000006db000000| PB 0x00000006db000000| Untracked |  0
|  621|0x00000006db400000, 0x00000006db400000, 0x00000006db800000|  0%| F|  |TAMS 0x00000006db400000| PB 0x00000006db400000| Untracked |  0
|  622|0x00000006db800000, 0x00000006db800000, 0x00000006dbc00000|  0%| F|  |TAMS 0x00000006db800000| PB 0x00000006db800000| Untracked |  0
|  623|0x00000006dbc00000, 0x00000006dbc00000, 0x00000006dc000000|  0%| F|  |TAMS 0x00000006dbc00000| PB 0x00000006dbc00000| Untracked |  0
|  624|0x00000006dc000000, 0x00000006dc000000, 0x00000006dc400000|  0%| F|  |TAMS 0x00000006dc000000| PB 0x00000006dc000000| Untracked |  0
|  625|0x00000006dc400000, 0x00000006dc400000, 0x00000006dc800000|  0%| F|  |TAMS 0x00000006dc400000| PB 0x00000006dc400000| Untracked |  0
|  626|0x00000006dc800000, 0x00000006dc800000, 0x00000006dcc00000|  0%| F|  |TAMS 0x00000006dc800000| PB 0x00000006dc800000| Untracked |  0
|  627|0x00000006dcc00000, 0x00000006dcc00000, 0x00000006dd000000|  0%| F|  |TAMS 0x00000006dcc00000| PB 0x00000006dcc00000| Untracked |  0
|  628|0x00000006dd000000, 0x00000006dd000000, 0x00000006dd400000|  0%| F|  |TAMS 0x00000006dd000000| PB 0x00000006dd000000| Untracked |  0
|  629|0x00000006dd400000, 0x00000006dd400000, 0x00000006dd800000|  0%| F|  |TAMS 0x00000006dd400000| PB 0x00000006dd400000| Untracked |  0
|  630|0x00000006dd800000, 0x00000006dd800000, 0x00000006ddc00000|  0%| F|  |TAMS 0x00000006dd800000| PB 0x00000006dd800000| Untracked |  0
|  631|0x00000006ddc00000, 0x00000006ddc00000, 0x00000006de000000|  0%| F|  |TAMS 0x00000006ddc00000| PB 0x00000006ddc00000| Untracked |  0
|  632|0x00000006de000000, 0x00000006de000000, 0x00000006de400000|  0%| F|  |TAMS 0x00000006de000000| PB 0x00000006de000000| Untracked |  0
|  633|0x00000006de400000, 0x00000006de400000, 0x00000006de800000|  0%| F|  |TAMS 0x00000006de400000| PB 0x00000006de400000| Untracked |  0
|  634|0x00000006de800000, 0x00000006de800000, 0x00000006dec00000|  0%| F|  |TAMS 0x00000006de800000| PB 0x00000006de800000| Untracked |  0
|  635|0x00000006dec00000, 0x00000006dec00000, 0x00000006df000000|  0%| F|  |TAMS 0x00000006dec00000| PB 0x00000006dec00000| Untracked |  0
|  636|0x00000006df000000, 0x00000006df000000, 0x00000006df400000|  0%| F|  |TAMS 0x00000006df000000| PB 0x00000006df000000| Untracked |  0
|  637|0x00000006df400000, 0x00000006df400000, 0x00000006df800000|  0%| F|  |TAMS 0x00000006df400000| PB 0x00000006df400000| Untracked |  0
|  638|0x00000006df800000, 0x00000006df800000, 0x00000006dfc00000|  0%| F|  |TAMS 0x00000006df800000| PB 0x00000006df800000| Untracked |  0
|  639|0x00000006dfc00000, 0x00000006dfc00000, 0x00000006e0000000|  0%| F|  |TAMS 0x00000006dfc00000| PB 0x00000006dfc00000| Untracked |  0
|  640|0x00000006e0000000, 0x00000006e0000000, 0x00000006e0400000|  0%| F|  |TAMS 0x00000006e0000000| PB 0x00000006e0000000| Untracked |  0
|  641|0x00000006e0400000, 0x00000006e0400000, 0x00000006e0800000|  0%| F|  |TAMS 0x00000006e0400000| PB 0x00000006e0400000| Untracked |  0
|  642|0x00000006e0800000, 0x00000006e0800000, 0x00000006e0c00000|  0%| F|  |TAMS 0x00000006e0800000| PB 0x00000006e0800000| Untracked |  0
|  643|0x00000006e0c00000, 0x00000006e0c00000, 0x00000006e1000000|  0%| F|  |TAMS 0x00000006e0c00000| PB 0x00000006e0c00000| Untracked |  0
|  644|0x00000006e1000000, 0x00000006e1000000, 0x00000006e1400000|  0%| F|  |TAMS 0x00000006e1000000| PB 0x00000006e1000000| Untracked |  0
|  645|0x00000006e1400000, 0x00000006e1400000, 0x00000006e1800000|  0%| F|  |TAMS 0x00000006e1400000| PB 0x00000006e1400000| Untracked |  0
|  646|0x00000006e1800000, 0x00000006e1800000, 0x00000006e1c00000|  0%| F|  |TAMS 0x00000006e1800000| PB 0x00000006e1800000| Untracked |  0
|  647|0x00000006e1c00000, 0x00000006e1c00000, 0x00000006e2000000|  0%| F|  |TAMS 0x00000006e1c00000| PB 0x00000006e1c00000| Untracked |  0
|  648|0x00000006e2000000, 0x00000006e2000000, 0x00000006e2400000|  0%| F|  |TAMS 0x00000006e2000000| PB 0x00000006e2000000| Untracked |  0
|  649|0x00000006e2400000, 0x00000006e2400000, 0x00000006e2800000|  0%| F|  |TAMS 0x00000006e2400000| PB 0x00000006e2400000| Untracked |  0
|  650|0x00000006e2800000, 0x00000006e2800000, 0x00000006e2c00000|  0%| F|  |TAMS 0x00000006e2800000| PB 0x00000006e2800000| Untracked |  0
|  651|0x00000006e2c00000, 0x00000006e2c00000, 0x00000006e3000000|  0%| F|  |TAMS 0x00000006e2c00000| PB 0x00000006e2c00000| Untracked |  0
|  652|0x00000006e3000000, 0x00000006e3000000, 0x00000006e3400000|  0%| F|  |TAMS 0x00000006e3000000| PB 0x00000006e3000000| Untracked |  0
|  653|0x00000006e3400000, 0x00000006e3400000, 0x00000006e3800000|  0%| F|  |TAMS 0x00000006e3400000| PB 0x00000006e3400000| Untracked |  0
|  654|0x00000006e3800000, 0x00000006e3800000, 0x00000006e3c00000|  0%| F|  |TAMS 0x00000006e3800000| PB 0x00000006e3800000| Untracked |  0
|  655|0x00000006e3c00000, 0x00000006e3c00000, 0x00000006e4000000|  0%| F|  |TAMS 0x00000006e3c00000| PB 0x00000006e3c00000| Untracked |  0
|  656|0x00000006e4000000, 0x00000006e4000000, 0x00000006e4400000|  0%| F|  |TAMS 0x00000006e4000000| PB 0x00000006e4000000| Untracked |  0
|  657|0x00000006e4400000, 0x00000006e4400000, 0x00000006e4800000|  0%| F|  |TAMS 0x00000006e4400000| PB 0x00000006e4400000| Untracked |  0
|  658|0x00000006e4800000, 0x00000006e4800000, 0x00000006e4c00000|  0%| F|  |TAMS 0x00000006e4800000| PB 0x00000006e4800000| Untracked |  0
|  659|0x00000006e4c00000, 0x00000006e4c00000, 0x00000006e5000000|  0%| F|  |TAMS 0x00000006e4c00000| PB 0x00000006e4c00000| Untracked |  0
|  660|0x00000006e5000000, 0x00000006e5000000, 0x00000006e5400000|  0%| F|  |TAMS 0x00000006e5000000| PB 0x00000006e5000000| Untracked |  0
|  661|0x00000006e5400000, 0x00000006e5400000, 0x00000006e5800000|  0%| F|  |TAMS 0x00000006e5400000| PB 0x00000006e5400000| Untracked |  0
|  662|0x00000006e5800000, 0x00000006e5800000, 0x00000006e5c00000|  0%| F|  |TAMS 0x00000006e5800000| PB 0x00000006e5800000| Untracked |  0
|  663|0x00000006e5c00000, 0x00000006e5c00000, 0x00000006e6000000|  0%| F|  |TAMS 0x00000006e5c00000| PB 0x00000006e5c00000| Untracked |  0
|  664|0x00000006e6000000, 0x00000006e6000000, 0x00000006e6400000|  0%| F|  |TAMS 0x00000006e6000000| PB 0x00000006e6000000| Untracked |  0
|  665|0x00000006e6400000, 0x00000006e6400000, 0x00000006e6800000|  0%| F|  |TAMS 0x00000006e6400000| PB 0x00000006e6400000| Untracked |  0
|  666|0x00000006e6800000, 0x00000006e6800000, 0x00000006e6c00000|  0%| F|  |TAMS 0x00000006e6800000| PB 0x00000006e6800000| Untracked |  0
|  667|0x00000006e6c00000, 0x00000006e6c00000, 0x00000006e7000000|  0%| F|  |TAMS 0x00000006e6c00000| PB 0x00000006e6c00000| Untracked |  0
|  668|0x00000006e7000000, 0x00000006e7000000, 0x00000006e7400000|  0%| F|  |TAMS 0x00000006e7000000| PB 0x00000006e7000000| Untracked |  0
|  669|0x00000006e7400000, 0x00000006e7400000, 0x00000006e7800000|  0%| F|  |TAMS 0x00000006e7400000| PB 0x00000006e7400000| Untracked |  0
|  670|0x00000006e7800000, 0x00000006e7800000, 0x00000006e7c00000|  0%| F|  |TAMS 0x00000006e7800000| PB 0x00000006e7800000| Untracked |  0
|  671|0x00000006e7c00000, 0x00000006e7c00000, 0x00000006e8000000|  0%| F|  |TAMS 0x00000006e7c00000| PB 0x00000006e7c00000| Untracked |  0
|  672|0x00000006e8000000, 0x00000006e8000000, 0x00000006e8400000|  0%| F|  |TAMS 0x00000006e8000000| PB 0x00000006e8000000| Untracked |  0
|  673|0x00000006e8400000, 0x00000006e8400000, 0x00000006e8800000|  0%| F|  |TAMS 0x00000006e8400000| PB 0x00000006e8400000| Untracked |  0
|  674|0x00000006e8800000, 0x00000006e8800000, 0x00000006e8c00000|  0%| F|  |TAMS 0x00000006e8800000| PB 0x00000006e8800000| Untracked |  0
|  675|0x00000006e8c00000, 0x00000006e8c00000, 0x00000006e9000000|  0%| F|  |TAMS 0x00000006e8c00000| PB 0x00000006e8c00000| Untracked |  0
|  676|0x00000006e9000000, 0x00000006e9000000, 0x00000006e9400000|  0%| F|  |TAMS 0x00000006e9000000| PB 0x00000006e9000000| Untracked |  0
|  677|0x00000006e9400000, 0x00000006e9400000, 0x00000006e9800000|  0%| F|  |TAMS 0x00000006e9400000| PB 0x00000006e9400000| Untracked |  0
|  678|0x00000006e9800000, 0x00000006e9800000, 0x00000006e9c00000|  0%| F|  |TAMS 0x00000006e9800000| PB 0x00000006e9800000| Untracked |  0
|  679|0x00000006e9c00000, 0x00000006e9c00000, 0x00000006ea000000|  0%| F|  |TAMS 0x00000006e9c00000| PB 0x00000006e9c00000| Untracked |  0
|  680|0x00000006ea000000, 0x00000006ea000000, 0x00000006ea400000|  0%| F|  |TAMS 0x00000006ea000000| PB 0x00000006ea000000| Untracked |  0
|  681|0x00000006ea400000, 0x00000006ea400000, 0x00000006ea800000|  0%| F|  |TAMS 0x00000006ea400000| PB 0x00000006ea400000| Untracked |  0
|  682|0x00000006ea800000, 0x00000006ea800000, 0x00000006eac00000|  0%| F|  |TAMS 0x00000006ea800000| PB 0x00000006ea800000| Untracked |  0
|  683|0x00000006eac00000, 0x00000006eac00000, 0x00000006eb000000|  0%| F|  |TAMS 0x00000006eac00000| PB 0x00000006eac00000| Untracked |  0
|  684|0x00000006eb000000, 0x00000006eb000000, 0x00000006eb400000|  0%| F|  |TAMS 0x00000006eb000000| PB 0x00000006eb000000| Untracked |  0
|  685|0x00000006eb400000, 0x00000006eb400000, 0x00000006eb800000|  0%| F|  |TAMS 0x00000006eb400000| PB 0x00000006eb400000| Untracked |  0
|  686|0x00000006eb800000, 0x00000006eb800000, 0x00000006ebc00000|  0%| F|  |TAMS 0x00000006eb800000| PB 0x00000006eb800000| Untracked |  0
|  687|0x00000006ebc00000, 0x00000006ebc00000, 0x00000006ec000000|  0%| F|  |TAMS 0x00000006ebc00000| PB 0x00000006ebc00000| Untracked |  0
|  688|0x00000006ec000000, 0x00000006ec000000, 0x00000006ec400000|  0%| F|  |TAMS 0x00000006ec000000| PB 0x00000006ec000000| Untracked |  0
|  689|0x00000006ec400000, 0x00000006ec400000, 0x00000006ec800000|  0%| F|  |TAMS 0x00000006ec400000| PB 0x00000006ec400000| Untracked |  0
|  690|0x00000006ec800000, 0x00000006ec800000, 0x00000006ecc00000|  0%| F|  |TAMS 0x00000006ec800000| PB 0x00000006ec800000| Untracked |  0
|  691|0x00000006ecc00000, 0x00000006ecc00000, 0x00000006ed000000|  0%| F|  |TAMS 0x00000006ecc00000| PB 0x00000006ecc00000| Untracked |  0
|  692|0x00000006ed000000, 0x00000006ed000000, 0x00000006ed400000|  0%| F|  |TAMS 0x00000006ed000000| PB 0x00000006ed000000| Untracked |  0
|  693|0x00000006ed400000, 0x00000006ed400000, 0x00000006ed800000|  0%| F|  |TAMS 0x00000006ed400000| PB 0x00000006ed400000| Untracked |  0
|  694|0x00000006ed800000, 0x00000006ed800000, 0x00000006edc00000|  0%| F|  |TAMS 0x00000006ed800000| PB 0x00000006ed800000| Untracked |  0
|  695|0x00000006edc00000, 0x00000006edc00000, 0x00000006ee000000|  0%| F|  |TAMS 0x00000006edc00000| PB 0x00000006edc00000| Untracked |  0
|  696|0x00000006ee000000, 0x00000006ee000000, 0x00000006ee400000|  0%| F|  |TAMS 0x00000006ee000000| PB 0x00000006ee000000| Untracked |  0
|  697|0x00000006ee400000, 0x00000006ee400000, 0x00000006ee800000|  0%| F|  |TAMS 0x00000006ee400000| PB 0x00000006ee400000| Untracked |  0
|  698|0x00000006ee800000, 0x00000006ee800000, 0x00000006eec00000|  0%| F|  |TAMS 0x00000006ee800000| PB 0x00000006ee800000| Untracked |  0
|  699|0x00000006eec00000, 0x00000006eec00000, 0x00000006ef000000|  0%| F|  |TAMS 0x00000006eec00000| PB 0x00000006eec00000| Untracked |  0
|  700|0x00000006ef000000, 0x00000006ef000000, 0x00000006ef400000|  0%| F|  |TAMS 0x00000006ef000000| PB 0x00000006ef000000| Untracked |  0
|  701|0x00000006ef400000, 0x00000006ef400000, 0x00000006ef800000|  0%| F|  |TAMS 0x00000006ef400000| PB 0x00000006ef400000| Untracked |  0
|  702|0x00000006ef800000, 0x00000006ef800000, 0x00000006efc00000|  0%| F|  |TAMS 0x00000006ef800000| PB 0x00000006ef800000| Untracked |  0
|  703|0x00000006efc00000, 0x00000006efc00000, 0x00000006f0000000|  0%| F|  |TAMS 0x00000006efc00000| PB 0x00000006efc00000| Untracked |  0
|  704|0x00000006f0000000, 0x00000006f0000000, 0x00000006f0400000|  0%| F|  |TAMS 0x00000006f0000000| PB 0x00000006f0000000| Untracked |  0
|  705|0x00000006f0400000, 0x00000006f0400000, 0x00000006f0800000|  0%| F|  |TAMS 0x00000006f0400000| PB 0x00000006f0400000| Untracked |  0
|  706|0x00000006f0800000, 0x00000006f0800000, 0x00000006f0c00000|  0%| F|  |TAMS 0x00000006f0800000| PB 0x00000006f0800000| Untracked |  0
|  707|0x00000006f0c00000, 0x00000006f0c00000, 0x00000006f1000000|  0%| F|  |TAMS 0x00000006f0c00000| PB 0x00000006f0c00000| Untracked |  0
|  708|0x00000006f1000000, 0x00000006f1000000, 0x00000006f1400000|  0%| F|  |TAMS 0x00000006f1000000| PB 0x00000006f1000000| Untracked |  0
|  709|0x00000006f1400000, 0x00000006f1400000, 0x00000006f1800000|  0%| F|  |TAMS 0x00000006f1400000| PB 0x00000006f1400000| Untracked |  0
|  710|0x00000006f1800000, 0x00000006f1800000, 0x00000006f1c00000|  0%| F|  |TAMS 0x00000006f1800000| PB 0x00000006f1800000| Untracked |  0
|  711|0x00000006f1c00000, 0x00000006f1c00000, 0x00000006f2000000|  0%| F|  |TAMS 0x00000006f1c00000| PB 0x00000006f1c00000| Untracked |  0
|  712|0x00000006f2000000, 0x00000006f2000000, 0x00000006f2400000|  0%| F|  |TAMS 0x00000006f2000000| PB 0x00000006f2000000| Untracked |  0
|  713|0x00000006f2400000, 0x00000006f2400000, 0x00000006f2800000|  0%| F|  |TAMS 0x00000006f2400000| PB 0x00000006f2400000| Untracked |  0
|  714|0x00000006f2800000, 0x00000006f2800000, 0x00000006f2c00000|  0%| F|  |TAMS 0x00000006f2800000| PB 0x00000006f2800000| Untracked |  0
|  715|0x00000006f2c00000, 0x00000006f2c00000, 0x00000006f3000000|  0%| F|  |TAMS 0x00000006f2c00000| PB 0x00000006f2c00000| Untracked |  0
|  716|0x00000006f3000000, 0x00000006f3000000, 0x00000006f3400000|  0%| F|  |TAMS 0x00000006f3000000| PB 0x00000006f3000000| Untracked |  0
|  717|0x00000006f3400000, 0x00000006f3400000, 0x00000006f3800000|  0%| F|  |TAMS 0x00000006f3400000| PB 0x00000006f3400000| Untracked |  0
|  718|0x00000006f3800000, 0x00000006f3800000, 0x00000006f3c00000|  0%| F|  |TAMS 0x00000006f3800000| PB 0x00000006f3800000| Untracked |  0
|  719|0x00000006f3c00000, 0x00000006f3c00000, 0x00000006f4000000|  0%| F|  |TAMS 0x00000006f3c00000| PB 0x00000006f3c00000| Untracked |  0
|  720|0x00000006f4000000, 0x00000006f4000000, 0x00000006f4400000|  0%| F|  |TAMS 0x00000006f4000000| PB 0x00000006f4000000| Untracked |  0
|  721|0x00000006f4400000, 0x00000006f4400000, 0x00000006f4800000|  0%| F|  |TAMS 0x00000006f4400000| PB 0x00000006f4400000| Untracked |  0
|  722|0x00000006f4800000, 0x00000006f4800000, 0x00000006f4c00000|  0%| F|  |TAMS 0x00000006f4800000| PB 0x00000006f4800000| Untracked |  0
|  723|0x00000006f4c00000, 0x00000006f4c00000, 0x00000006f5000000|  0%| F|  |TAMS 0x00000006f4c00000| PB 0x00000006f4c00000| Untracked |  0
|  724|0x00000006f5000000, 0x00000006f5000000, 0x00000006f5400000|  0%| F|  |TAMS 0x00000006f5000000| PB 0x00000006f5000000| Untracked |  0
|  725|0x00000006f5400000, 0x00000006f5400000, 0x00000006f5800000|  0%| F|  |TAMS 0x00000006f5400000| PB 0x00000006f5400000| Untracked |  0
|  726|0x00000006f5800000, 0x00000006f5800000, 0x00000006f5c00000|  0%| F|  |TAMS 0x00000006f5800000| PB 0x00000006f5800000| Untracked |  0
|  727|0x00000006f5c00000, 0x00000006f5c00000, 0x00000006f6000000|  0%| F|  |TAMS 0x00000006f5c00000| PB 0x00000006f5c00000| Untracked |  0
|  728|0x00000006f6000000, 0x00000006f6000000, 0x00000006f6400000|  0%| F|  |TAMS 0x00000006f6000000| PB 0x00000006f6000000| Untracked |  0
|  729|0x00000006f6400000, 0x00000006f6400000, 0x00000006f6800000|  0%| F|  |TAMS 0x00000006f6400000| PB 0x00000006f6400000| Untracked |  0
|  730|0x00000006f6800000, 0x00000006f6800000, 0x00000006f6c00000|  0%| F|  |TAMS 0x00000006f6800000| PB 0x00000006f6800000| Untracked |  0
|  731|0x00000006f6c00000, 0x00000006f6c00000, 0x00000006f7000000|  0%| F|  |TAMS 0x00000006f6c00000| PB 0x00000006f6c00000| Untracked |  0
|  732|0x00000006f7000000, 0x00000006f7000000, 0x00000006f7400000|  0%| F|  |TAMS 0x00000006f7000000| PB 0x00000006f7000000| Untracked |  0
|  733|0x00000006f7400000, 0x00000006f7400000, 0x00000006f7800000|  0%| F|  |TAMS 0x00000006f7400000| PB 0x00000006f7400000| Untracked |  0
|  734|0x00000006f7800000, 0x00000006f7800000, 0x00000006f7c00000|  0%| F|  |TAMS 0x00000006f7800000| PB 0x00000006f7800000| Untracked |  0
|  735|0x00000006f7c00000, 0x00000006f7c00000, 0x00000006f8000000|  0%| F|  |TAMS 0x00000006f7c00000| PB 0x00000006f7c00000| Untracked |  0
|  736|0x00000006f8000000, 0x00000006f8000000, 0x00000006f8400000|  0%| F|  |TAMS 0x00000006f8000000| PB 0x00000006f8000000| Untracked |  0
|  737|0x00000006f8400000, 0x00000006f8400000, 0x00000006f8800000|  0%| F|  |TAMS 0x00000006f8400000| PB 0x00000006f8400000| Untracked |  0
|  738|0x00000006f8800000, 0x00000006f8800000, 0x00000006f8c00000|  0%| F|  |TAMS 0x00000006f8800000| PB 0x00000006f8800000| Untracked |  0
|  739|0x00000006f8c00000, 0x00000006f8c00000, 0x00000006f9000000|  0%| F|  |TAMS 0x00000006f8c00000| PB 0x00000006f8c00000| Untracked |  0
|  740|0x00000006f9000000, 0x00000006f9000000, 0x00000006f9400000|  0%| F|  |TAMS 0x00000006f9000000| PB 0x00000006f9000000| Untracked |  0
|  741|0x00000006f9400000, 0x00000006f9400000, 0x00000006f9800000|  0%| F|  |TAMS 0x00000006f9400000| PB 0x00000006f9400000| Untracked |  0
|  742|0x00000006f9800000, 0x00000006f9800000, 0x00000006f9c00000|  0%| F|  |TAMS 0x00000006f9800000| PB 0x00000006f9800000| Untracked |  0
|  743|0x00000006f9c00000, 0x00000006f9c00000, 0x00000006fa000000|  0%| F|  |TAMS 0x00000006f9c00000| PB 0x00000006f9c00000| Untracked |  0
|  744|0x00000006fa000000, 0x00000006fa000000, 0x00000006fa400000|  0%| F|  |TAMS 0x00000006fa000000| PB 0x00000006fa000000| Untracked |  0
|  745|0x00000006fa400000, 0x00000006fa400000, 0x00000006fa800000|  0%| F|  |TAMS 0x00000006fa400000| PB 0x00000006fa400000| Untracked |  0
|  746|0x00000006fa800000, 0x00000006fa800000, 0x00000006fac00000|  0%| F|  |TAMS 0x00000006fa800000| PB 0x00000006fa800000| Untracked |  0
|  747|0x00000006fac00000, 0x00000006fac00000, 0x00000006fb000000|  0%| F|  |TAMS 0x00000006fac00000| PB 0x00000006fac00000| Untracked |  0
|  748|0x00000006fb000000, 0x00000006fb000000, 0x00000006fb400000|  0%| F|  |TAMS 0x00000006fb000000| PB 0x00000006fb000000| Untracked |  0
|  749|0x00000006fb400000, 0x00000006fb400000, 0x00000006fb800000|  0%| F|  |TAMS 0x00000006fb400000| PB 0x00000006fb400000| Untracked |  0
|  750|0x00000006fb800000, 0x00000006fb800000, 0x00000006fbc00000|  0%| F|  |TAMS 0x00000006fb800000| PB 0x00000006fb800000| Untracked |  0
|  751|0x00000006fbc00000, 0x00000006fbc00000, 0x00000006fc000000|  0%| F|  |TAMS 0x00000006fbc00000| PB 0x00000006fbc00000| Untracked |  0
|  752|0x00000006fc000000, 0x00000006fc000000, 0x00000006fc400000|  0%| F|  |TAMS 0x00000006fc000000| PB 0x00000006fc000000| Untracked |  0
|  753|0x00000006fc400000, 0x00000006fc400000, 0x00000006fc800000|  0%| F|  |TAMS 0x00000006fc400000| PB 0x00000006fc400000| Untracked |  0
|  754|0x00000006fc800000, 0x00000006fc800000, 0x00000006fcc00000|  0%| F|  |TAMS 0x00000006fc800000| PB 0x00000006fc800000| Untracked |  0
|  755|0x00000006fcc00000, 0x00000006fcc00000, 0x00000006fd000000|  0%| F|  |TAMS 0x00000006fcc00000| PB 0x00000006fcc00000| Untracked |  0
|  756|0x00000006fd000000, 0x00000006fd000000, 0x00000006fd400000|  0%| F|  |TAMS 0x00000006fd000000| PB 0x00000006fd000000| Untracked |  0
|  757|0x00000006fd400000, 0x00000006fd400000, 0x00000006fd800000|  0%| F|  |TAMS 0x00000006fd400000| PB 0x00000006fd400000| Untracked |  0
|  758|0x00000006fd800000, 0x00000006fd800000, 0x00000006fdc00000|  0%| F|  |TAMS 0x00000006fd800000| PB 0x00000006fd800000| Untracked |  0
|  759|0x00000006fdc00000, 0x00000006fdc00000, 0x00000006fe000000|  0%| F|  |TAMS 0x00000006fdc00000| PB 0x00000006fdc00000| Untracked |  0
|  760|0x00000006fe000000, 0x00000006fe000000, 0x00000006fe400000|  0%| F|  |TAMS 0x00000006fe000000| PB 0x00000006fe000000| Untracked |  0
|  761|0x00000006fe400000, 0x00000006fe400000, 0x00000006fe800000|  0%| F|  |TAMS 0x00000006fe400000| PB 0x00000006fe400000| Untracked |  0
|  762|0x00000006fe800000, 0x00000006fe800000, 0x00000006fec00000|  0%| F|  |TAMS 0x00000006fe800000| PB 0x00000006fe800000| Untracked |  0
|  763|0x00000006fec00000, 0x00000006fec00000, 0x00000006ff000000|  0%| F|  |TAMS 0x00000006fec00000| PB 0x00000006fec00000| Untracked |  0
|  764|0x00000006ff000000, 0x00000006ff000000, 0x00000006ff400000|  0%| F|  |TAMS 0x00000006ff000000| PB 0x00000006ff000000| Untracked |  0
|  765|0x00000006ff400000, 0x00000006ff400000, 0x00000006ff800000|  0%| F|  |TAMS 0x00000006ff400000| PB 0x00000006ff400000| Untracked |  0
|  766|0x00000006ff800000, 0x00000006ff800000, 0x00000006ffc00000|  0%| F|  |TAMS 0x00000006ff800000| PB 0x00000006ff800000| Untracked |  0
|  767|0x00000006ffc00000, 0x00000006ffc00000, 0x0000000700000000|  0%| F|  |TAMS 0x00000006ffc00000| PB 0x00000006ffc00000| Untracked |  0
|  768|0x0000000700000000, 0x0000000700000000, 0x0000000700400000|  0%| F|  |TAMS 0x0000000700000000| PB 0x0000000700000000| Untracked |  0
|  769|0x0000000700400000, 0x0000000700400000, 0x0000000700800000|  0%| F|  |TAMS 0x0000000700400000| PB 0x0000000700400000| Untracked |  0
|  770|0x0000000700800000, 0x0000000700800000, 0x0000000700c00000|  0%| F|  |TAMS 0x0000000700800000| PB 0x0000000700800000| Untracked |  0
|  771|0x0000000700c00000, 0x0000000700c00000, 0x0000000701000000|  0%| F|  |TAMS 0x0000000700c00000| PB 0x0000000700c00000| Untracked |  0
|  772|0x0000000701000000, 0x0000000701000000, 0x0000000701400000|  0%| F|  |TAMS 0x0000000701000000| PB 0x0000000701000000| Untracked |  0
|  773|0x0000000701400000, 0x0000000701400000, 0x0000000701800000|  0%| F|  |TAMS 0x0000000701400000| PB 0x0000000701400000| Untracked |  0
|  774|0x0000000701800000, 0x0000000701800000, 0x0000000701c00000|  0%| F|  |TAMS 0x0000000701800000| PB 0x0000000701800000| Untracked |  0
|  775|0x0000000701c00000, 0x0000000701c00000, 0x0000000702000000|  0%| F|  |TAMS 0x0000000701c00000| PB 0x0000000701c00000| Untracked |  0
|  776|0x0000000702000000, 0x0000000702000000, 0x0000000702400000|  0%| F|  |TAMS 0x0000000702000000| PB 0x0000000702000000| Untracked |  0
|  777|0x0000000702400000, 0x0000000702400000, 0x0000000702800000|  0%| F|  |TAMS 0x0000000702400000| PB 0x0000000702400000| Untracked |  0
|  778|0x0000000702800000, 0x0000000702800000, 0x0000000702c00000|  0%| F|  |TAMS 0x0000000702800000| PB 0x0000000702800000| Untracked |  0
|  779|0x0000000702c00000, 0x0000000702c00000, 0x0000000703000000|  0%| F|  |TAMS 0x0000000702c00000| PB 0x0000000702c00000| Untracked |  0
|  780|0x0000000703000000, 0x0000000703000000, 0x0000000703400000|  0%| F|  |TAMS 0x0000000703000000| PB 0x0000000703000000| Untracked |  0
|  781|0x0000000703400000, 0x0000000703400000, 0x0000000703800000|  0%| F|  |TAMS 0x0000000703400000| PB 0x0000000703400000| Untracked |  0
|  782|0x0000000703800000, 0x0000000703800000, 0x0000000703c00000|  0%| F|  |TAMS 0x0000000703800000| PB 0x0000000703800000| Untracked |  0
|  783|0x0000000703c00000, 0x0000000703c00000, 0x0000000704000000|  0%| F|  |TAMS 0x0000000703c00000| PB 0x0000000703c00000| Untracked |  0
|  784|0x0000000704000000, 0x0000000704000000, 0x0000000704400000|  0%| F|  |TAMS 0x0000000704000000| PB 0x0000000704000000| Untracked |  0
|  785|0x0000000704400000, 0x0000000704400000, 0x0000000704800000|  0%| F|  |TAMS 0x0000000704400000| PB 0x0000000704400000| Untracked |  0
|  786|0x0000000704800000, 0x0000000704800000, 0x0000000704c00000|  0%| F|  |TAMS 0x0000000704800000| PB 0x0000000704800000| Untracked |  0
|  787|0x0000000704c00000, 0x0000000704c00000, 0x0000000705000000|  0%| F|  |TAMS 0x0000000704c00000| PB 0x0000000704c00000| Untracked |  0
|  788|0x0000000705000000, 0x0000000705000000, 0x0000000705400000|  0%| F|  |TAMS 0x0000000705000000| PB 0x0000000705000000| Untracked |  0
|  789|0x0000000705400000, 0x0000000705400000, 0x0000000705800000|  0%| F|  |TAMS 0x0000000705400000| PB 0x0000000705400000| Untracked |  0
|  790|0x0000000705800000, 0x0000000705800000, 0x0000000705c00000|  0%| F|  |TAMS 0x0000000705800000| PB 0x0000000705800000| Untracked |  0
|  791|0x0000000705c00000, 0x0000000705c00000, 0x0000000706000000|  0%| F|  |TAMS 0x0000000705c00000| PB 0x0000000705c00000| Untracked |  0
|  792|0x0000000706000000, 0x0000000706000000, 0x0000000706400000|  0%| F|  |TAMS 0x0000000706000000| PB 0x0000000706000000| Untracked |  0
|  793|0x0000000706400000, 0x0000000706400000, 0x0000000706800000|  0%| F|  |TAMS 0x0000000706400000| PB 0x0000000706400000| Untracked |  0
|  794|0x0000000706800000, 0x0000000706800000, 0x0000000706c00000|  0%| F|  |TAMS 0x0000000706800000| PB 0x0000000706800000| Untracked |  0
|  795|0x0000000706c00000, 0x0000000706c00000, 0x0000000707000000|  0%| F|  |TAMS 0x0000000706c00000| PB 0x0000000706c00000| Untracked |  0
|  796|0x0000000707000000, 0x0000000707000000, 0x0000000707400000|  0%| F|  |TAMS 0x0000000707000000| PB 0x0000000707000000| Untracked |  0
|  797|0x0000000707400000, 0x0000000707400000, 0x0000000707800000|  0%| F|  |TAMS 0x0000000707400000| PB 0x0000000707400000| Untracked |  0
|  798|0x0000000707800000, 0x0000000707800000, 0x0000000707c00000|  0%| F|  |TAMS 0x0000000707800000| PB 0x0000000707800000| Untracked |  0
|  799|0x0000000707c00000, 0x0000000707c00000, 0x0000000708000000|  0%| F|  |TAMS 0x0000000707c00000| PB 0x0000000707c00000| Untracked |  0
|  800|0x0000000708000000, 0x0000000708000000, 0x0000000708400000|  0%| F|  |TAMS 0x0000000708000000| PB 0x0000000708000000| Untracked |  0
|  801|0x0000000708400000, 0x0000000708400000, 0x0000000708800000|  0%| F|  |TAMS 0x0000000708400000| PB 0x0000000708400000| Untracked |  0
|  802|0x0000000708800000, 0x0000000708800000, 0x0000000708c00000|  0%| F|  |TAMS 0x0000000708800000| PB 0x0000000708800000| Untracked |  0
|  803|0x0000000708c00000, 0x0000000708c00000, 0x0000000709000000|  0%| F|  |TAMS 0x0000000708c00000| PB 0x0000000708c00000| Untracked |  0
|  804|0x0000000709000000, 0x0000000709000000, 0x0000000709400000|  0%| F|  |TAMS 0x0000000709000000| PB 0x0000000709000000| Untracked |  0
|  805|0x0000000709400000, 0x0000000709400000, 0x0000000709800000|  0%| F|  |TAMS 0x0000000709400000| PB 0x0000000709400000| Untracked |  0
|  806|0x0000000709800000, 0x0000000709800000, 0x0000000709c00000|  0%| F|  |TAMS 0x0000000709800000| PB 0x0000000709800000| Untracked |  0
|  807|0x0000000709c00000, 0x0000000709c00000, 0x000000070a000000|  0%| F|  |TAMS 0x0000000709c00000| PB 0x0000000709c00000| Untracked |  0
|  808|0x000000070a000000, 0x000000070a000000, 0x000000070a400000|  0%| F|  |TAMS 0x000000070a000000| PB 0x000000070a000000| Untracked |  0
|  809|0x000000070a400000, 0x000000070a400000, 0x000000070a800000|  0%| F|  |TAMS 0x000000070a400000| PB 0x000000070a400000| Untracked |  0
|  810|0x000000070a800000, 0x000000070a800000, 0x000000070ac00000|  0%| F|  |TAMS 0x000000070a800000| PB 0x000000070a800000| Untracked |  0
|  811|0x000000070ac00000, 0x000000070ac00000, 0x000000070b000000|  0%| F|  |TAMS 0x000000070ac00000| PB 0x000000070ac00000| Untracked |  0
|  812|0x000000070b000000, 0x000000070b000000, 0x000000070b400000|  0%| F|  |TAMS 0x000000070b000000| PB 0x000000070b000000| Untracked |  0
|  813|0x000000070b400000, 0x000000070b400000, 0x000000070b800000|  0%| F|  |TAMS 0x000000070b400000| PB 0x000000070b400000| Untracked |  0
|  814|0x000000070b800000, 0x000000070b800000, 0x000000070bc00000|  0%| F|  |TAMS 0x000000070b800000| PB 0x000000070b800000| Untracked |  0
|  815|0x000000070bc00000, 0x000000070bc00000, 0x000000070c000000|  0%| F|  |TAMS 0x000000070bc00000| PB 0x000000070bc00000| Untracked |  0
|  816|0x000000070c000000, 0x000000070c000000, 0x000000070c400000|  0%| F|  |TAMS 0x000000070c000000| PB 0x000000070c000000| Untracked |  0
|  817|0x000000070c400000, 0x000000070c400000, 0x000000070c800000|  0%| F|  |TAMS 0x000000070c400000| PB 0x000000070c400000| Untracked |  0
|  818|0x000000070c800000, 0x000000070c800000, 0x000000070cc00000|  0%| F|  |TAMS 0x000000070c800000| PB 0x000000070c800000| Untracked |  0
|  819|0x000000070cc00000, 0x000000070cc00000, 0x000000070d000000|  0%| F|  |TAMS 0x000000070cc00000| PB 0x000000070cc00000| Untracked |  0
|  820|0x000000070d000000, 0x000000070d000000, 0x000000070d400000|  0%| F|  |TAMS 0x000000070d000000| PB 0x000000070d000000| Untracked |  0
|  821|0x000000070d400000, 0x000000070d400000, 0x000000070d800000|  0%| F|  |TAMS 0x000000070d400000| PB 0x000000070d400000| Untracked |  0
|  822|0x000000070d800000, 0x000000070d800000, 0x000000070dc00000|  0%| F|  |TAMS 0x000000070d800000| PB 0x000000070d800000| Untracked |  0
|  823|0x000000070dc00000, 0x000000070dc00000, 0x000000070e000000|  0%| F|  |TAMS 0x000000070dc00000| PB 0x000000070dc00000| Untracked |  0
|  824|0x000000070e000000, 0x000000070e000000, 0x000000070e400000|  0%| F|  |TAMS 0x000000070e000000| PB 0x000000070e000000| Untracked |  0
|  825|0x000000070e400000, 0x000000070e400000, 0x000000070e800000|  0%| F|  |TAMS 0x000000070e400000| PB 0x000000070e400000| Untracked |  0
|  826|0x000000070e800000, 0x000000070e800000, 0x000000070ec00000|  0%| F|  |TAMS 0x000000070e800000| PB 0x000000070e800000| Untracked |  0
|  827|0x000000070ec00000, 0x000000070ec00000, 0x000000070f000000|  0%| F|  |TAMS 0x000000070ec00000| PB 0x000000070ec00000| Untracked |  0
|  828|0x000000070f000000, 0x000000070f000000, 0x000000070f400000|  0%| F|  |TAMS 0x000000070f000000| PB 0x000000070f000000| Untracked |  0
|  829|0x000000070f400000, 0x000000070f400000, 0x000000070f800000|  0%| F|  |TAMS 0x000000070f400000| PB 0x000000070f400000| Untracked |  0
|  830|0x000000070f800000, 0x000000070f800000, 0x000000070fc00000|  0%| F|  |TAMS 0x000000070f800000| PB 0x000000070f800000| Untracked |  0
|  831|0x000000070fc00000, 0x000000070fc00000, 0x0000000710000000|  0%| F|  |TAMS 0x000000070fc00000| PB 0x000000070fc00000| Untracked |  0
|  832|0x0000000710000000, 0x0000000710000000, 0x0000000710400000|  0%| F|  |TAMS 0x0000000710000000| PB 0x0000000710000000| Untracked |  0
|  833|0x0000000710400000, 0x0000000710400000, 0x0000000710800000|  0%| F|  |TAMS 0x0000000710400000| PB 0x0000000710400000| Untracked |  0
|  834|0x0000000710800000, 0x0000000710800000, 0x0000000710c00000|  0%| F|  |TAMS 0x0000000710800000| PB 0x0000000710800000| Untracked |  0
|  835|0x0000000710c00000, 0x0000000710c00000, 0x0000000711000000|  0%| F|  |TAMS 0x0000000710c00000| PB 0x0000000710c00000| Untracked |  0
|  836|0x0000000711000000, 0x0000000711000000, 0x0000000711400000|  0%| F|  |TAMS 0x0000000711000000| PB 0x0000000711000000| Untracked |  0
|  837|0x0000000711400000, 0x0000000711400000, 0x0000000711800000|  0%| F|  |TAMS 0x0000000711400000| PB 0x0000000711400000| Untracked |  0
|  838|0x0000000711800000, 0x0000000711800000, 0x0000000711c00000|  0%| F|  |TAMS 0x0000000711800000| PB 0x0000000711800000| Untracked |  0
|  839|0x0000000711c00000, 0x0000000711c00000, 0x0000000712000000|  0%| F|  |TAMS 0x0000000711c00000| PB 0x0000000711c00000| Untracked |  0
|  840|0x0000000712000000, 0x0000000712000000, 0x0000000712400000|  0%| F|  |TAMS 0x0000000712000000| PB 0x0000000712000000| Untracked |  0
|  841|0x0000000712400000, 0x0000000712400000, 0x0000000712800000|  0%| F|  |TAMS 0x0000000712400000| PB 0x0000000712400000| Untracked |  0
|  842|0x0000000712800000, 0x0000000712800000, 0x0000000712c00000|  0%| F|  |TAMS 0x0000000712800000| PB 0x0000000712800000| Untracked |  0
|  843|0x0000000712c00000, 0x0000000712c00000, 0x0000000713000000|  0%| F|  |TAMS 0x0000000712c00000| PB 0x0000000712c00000| Untracked |  0
|  844|0x0000000713000000, 0x0000000713000000, 0x0000000713400000|  0%| F|  |TAMS 0x0000000713000000| PB 0x0000000713000000| Untracked |  0
|  845|0x0000000713400000, 0x0000000713400000, 0x0000000713800000|  0%| F|  |TAMS 0x0000000713400000| PB 0x0000000713400000| Untracked |  0
|  846|0x0000000713800000, 0x0000000713800000, 0x0000000713c00000|  0%| F|  |TAMS 0x0000000713800000| PB 0x0000000713800000| Untracked |  0
|  847|0x0000000713c00000, 0x0000000713c00000, 0x0000000714000000|  0%| F|  |TAMS 0x0000000713c00000| PB 0x0000000713c00000| Untracked |  0
|  848|0x0000000714000000, 0x0000000714000000, 0x0000000714400000|  0%| F|  |TAMS 0x0000000714000000| PB 0x0000000714000000| Untracked |  0
|  849|0x0000000714400000, 0x0000000714400000, 0x0000000714800000|  0%| F|  |TAMS 0x0000000714400000| PB 0x0000000714400000| Untracked |  0
|  850|0x0000000714800000, 0x0000000714800000, 0x0000000714c00000|  0%| F|  |TAMS 0x0000000714800000| PB 0x0000000714800000| Untracked |  0
|  851|0x0000000714c00000, 0x0000000714c00000, 0x0000000715000000|  0%| F|  |TAMS 0x0000000714c00000| PB 0x0000000714c00000| Untracked |  0
|  852|0x0000000715000000, 0x0000000715000000, 0x0000000715400000|  0%| F|  |TAMS 0x0000000715000000| PB 0x0000000715000000| Untracked |  0
|  853|0x0000000715400000, 0x0000000715400000, 0x0000000715800000|  0%| F|  |TAMS 0x0000000715400000| PB 0x0000000715400000| Untracked |  0
|  854|0x0000000715800000, 0x0000000715800000, 0x0000000715c00000|  0%| F|  |TAMS 0x0000000715800000| PB 0x0000000715800000| Untracked |  0
|  855|0x0000000715c00000, 0x0000000715c00000, 0x0000000716000000|  0%| F|  |TAMS 0x0000000715c00000| PB 0x0000000715c00000| Untracked |  0
|  856|0x0000000716000000, 0x0000000716000000, 0x0000000716400000|  0%| F|  |TAMS 0x0000000716000000| PB 0x0000000716000000| Untracked |  0
|  857|0x0000000716400000, 0x0000000716400000, 0x0000000716800000|  0%| F|  |TAMS 0x0000000716400000| PB 0x0000000716400000| Untracked |  0
|  858|0x0000000716800000, 0x0000000716800000, 0x0000000716c00000|  0%| F|  |TAMS 0x0000000716800000| PB 0x0000000716800000| Untracked |  0
|  859|0x0000000716c00000, 0x0000000716c00000, 0x0000000717000000|  0%| F|  |TAMS 0x0000000716c00000| PB 0x0000000716c00000| Untracked |  0
|  860|0x0000000717000000, 0x0000000717000000, 0x0000000717400000|  0%| F|  |TAMS 0x0000000717000000| PB 0x0000000717000000| Untracked |  0
|  861|0x0000000717400000, 0x0000000717400000, 0x0000000717800000|  0%| F|  |TAMS 0x0000000717400000| PB 0x0000000717400000| Untracked |  0
|  862|0x0000000717800000, 0x0000000717800000, 0x0000000717c00000|  0%| F|  |TAMS 0x0000000717800000| PB 0x0000000717800000| Untracked |  0
|  863|0x0000000717c00000, 0x0000000717c00000, 0x0000000718000000|  0%| F|  |TAMS 0x0000000717c00000| PB 0x0000000717c00000| Untracked |  0
|  864|0x0000000718000000, 0x0000000718000000, 0x0000000718400000|  0%| F|  |TAMS 0x0000000718000000| PB 0x0000000718000000| Untracked |  0
|  865|0x0000000718400000, 0x0000000718400000, 0x0000000718800000|  0%| F|  |TAMS 0x0000000718400000| PB 0x0000000718400000| Untracked |  0
|  866|0x0000000718800000, 0x0000000718800000, 0x0000000718c00000|  0%| F|  |TAMS 0x0000000718800000| PB 0x0000000718800000| Untracked |  0
|  867|0x0000000718c00000, 0x0000000718c00000, 0x0000000719000000|  0%| F|  |TAMS 0x0000000718c00000| PB 0x0000000718c00000| Untracked |  0
|  868|0x0000000719000000, 0x0000000719000000, 0x0000000719400000|  0%| F|  |TAMS 0x0000000719000000| PB 0x0000000719000000| Untracked |  0
|  869|0x0000000719400000, 0x0000000719400000, 0x0000000719800000|  0%| F|  |TAMS 0x0000000719400000| PB 0x0000000719400000| Untracked |  0
|  870|0x0000000719800000, 0x0000000719800000, 0x0000000719c00000|  0%| F|  |TAMS 0x0000000719800000| PB 0x0000000719800000| Untracked |  0
|  871|0x0000000719c00000, 0x0000000719c00000, 0x000000071a000000|  0%| F|  |TAMS 0x0000000719c00000| PB 0x0000000719c00000| Untracked |  0
|  872|0x000000071a000000, 0x000000071a000000, 0x000000071a400000|  0%| F|  |TAMS 0x000000071a000000| PB 0x000000071a000000| Untracked |  0
|  873|0x000000071a400000, 0x000000071a400000, 0x000000071a800000|  0%| F|  |TAMS 0x000000071a400000| PB 0x000000071a400000| Untracked |  0
|  874|0x000000071a800000, 0x000000071a800000, 0x000000071ac00000|  0%| F|  |TAMS 0x000000071a800000| PB 0x000000071a800000| Untracked |  0
|  875|0x000000071ac00000, 0x000000071ac00000, 0x000000071b000000|  0%| F|  |TAMS 0x000000071ac00000| PB 0x000000071ac00000| Untracked |  0
|  876|0x000000071b000000, 0x000000071b000000, 0x000000071b400000|  0%| F|  |TAMS 0x000000071b000000| PB 0x000000071b000000| Untracked |  0
|  877|0x000000071b400000, 0x000000071b400000, 0x000000071b800000|  0%| F|  |TAMS 0x000000071b400000| PB 0x000000071b400000| Untracked |  0
|  878|0x000000071b800000, 0x000000071b800000, 0x000000071bc00000|  0%| F|  |TAMS 0x000000071b800000| PB 0x000000071b800000| Untracked |  0
|  879|0x000000071bc00000, 0x000000071bc00000, 0x000000071c000000|  0%| F|  |TAMS 0x000000071bc00000| PB 0x000000071bc00000| Untracked |  0
|  880|0x000000071c000000, 0x000000071c000000, 0x000000071c400000|  0%| F|  |TAMS 0x000000071c000000| PB 0x000000071c000000| Untracked |  0
|  881|0x000000071c400000, 0x000000071c400000, 0x000000071c800000|  0%| F|  |TAMS 0x000000071c400000| PB 0x000000071c400000| Untracked |  0
|  882|0x000000071c800000, 0x000000071c800000, 0x000000071cc00000|  0%| F|  |TAMS 0x000000071c800000| PB 0x000000071c800000| Untracked |  0
|  883|0x000000071cc00000, 0x000000071cc00000, 0x000000071d000000|  0%| F|  |TAMS 0x000000071cc00000| PB 0x000000071cc00000| Untracked |  0
|  884|0x000000071d000000, 0x000000071d000000, 0x000000071d400000|  0%| F|  |TAMS 0x000000071d000000| PB 0x000000071d000000| Untracked |  0
|  885|0x000000071d400000, 0x000000071d400000, 0x000000071d800000|  0%| F|  |TAMS 0x000000071d400000| PB 0x000000071d400000| Untracked |  0
|  886|0x000000071d800000, 0x000000071d800000, 0x000000071dc00000|  0%| F|  |TAMS 0x000000071d800000| PB 0x000000071d800000| Untracked |  0
|  887|0x000000071dc00000, 0x000000071dc00000, 0x000000071e000000|  0%| F|  |TAMS 0x000000071dc00000| PB 0x000000071dc00000| Untracked |  0
|  888|0x000000071e000000, 0x000000071e000000, 0x000000071e400000|  0%| F|  |TAMS 0x000000071e000000| PB 0x000000071e000000| Untracked |  0
|  889|0x000000071e400000, 0x000000071e400000, 0x000000071e800000|  0%| F|  |TAMS 0x000000071e400000| PB 0x000000071e400000| Untracked |  0
|  890|0x000000071e800000, 0x000000071e800000, 0x000000071ec00000|  0%| F|  |TAMS 0x000000071e800000| PB 0x000000071e800000| Untracked |  0
|  891|0x000000071ec00000, 0x000000071ec00000, 0x000000071f000000|  0%| F|  |TAMS 0x000000071ec00000| PB 0x000000071ec00000| Untracked |  0
|  892|0x000000071f000000, 0x000000071f000000, 0x000000071f400000|  0%| F|  |TAMS 0x000000071f000000| PB 0x000000071f000000| Untracked |  0
|  893|0x000000071f400000, 0x000000071f400000, 0x000000071f800000|  0%| F|  |TAMS 0x000000071f400000| PB 0x000000071f400000| Untracked |  0
|  894|0x000000071f800000, 0x000000071f800000, 0x000000071fc00000|  0%| F|  |TAMS 0x000000071f800000| PB 0x000000071f800000| Untracked |  0
|  895|0x000000071fc00000, 0x000000071fc00000, 0x0000000720000000|  0%| F|  |TAMS 0x000000071fc00000| PB 0x000000071fc00000| Untracked |  0
|  896|0x0000000720000000, 0x0000000720000000, 0x0000000720400000|  0%| F|  |TAMS 0x0000000720000000| PB 0x0000000720000000| Untracked |  0
|  897|0x0000000720400000, 0x0000000720400000, 0x0000000720800000|  0%| F|  |TAMS 0x0000000720400000| PB 0x0000000720400000| Untracked |  0
|  898|0x0000000720800000, 0x0000000720800000, 0x0000000720c00000|  0%| F|  |TAMS 0x0000000720800000| PB 0x0000000720800000| Untracked |  0
|  899|0x0000000720c00000, 0x0000000720c00000, 0x0000000721000000|  0%| F|  |TAMS 0x0000000720c00000| PB 0x0000000720c00000| Untracked |  0
|  900|0x0000000721000000, 0x0000000721000000, 0x0000000721400000|  0%| F|  |TAMS 0x0000000721000000| PB 0x0000000721000000| Untracked |  0
|  901|0x0000000721400000, 0x0000000721400000, 0x0000000721800000|  0%| F|  |TAMS 0x0000000721400000| PB 0x0000000721400000| Untracked |  0
|  902|0x0000000721800000, 0x0000000721800000, 0x0000000721c00000|  0%| F|  |TAMS 0x0000000721800000| PB 0x0000000721800000| Untracked |  0
|  903|0x0000000721c00000, 0x0000000721c00000, 0x0000000722000000|  0%| F|  |TAMS 0x0000000721c00000| PB 0x0000000721c00000| Untracked |  0
|  904|0x0000000722000000, 0x0000000722000000, 0x0000000722400000|  0%| F|  |TAMS 0x0000000722000000| PB 0x0000000722000000| Untracked |  0
|  905|0x0000000722400000, 0x0000000722400000, 0x0000000722800000|  0%| F|  |TAMS 0x0000000722400000| PB 0x0000000722400000| Untracked |  0
|  906|0x0000000722800000, 0x0000000722800000, 0x0000000722c00000|  0%| F|  |TAMS 0x0000000722800000| PB 0x0000000722800000| Untracked |  0
|  907|0x0000000722c00000, 0x0000000722c00000, 0x0000000723000000|  0%| F|  |TAMS 0x0000000722c00000| PB 0x0000000722c00000| Untracked |  0
|  908|0x0000000723000000, 0x0000000723000000, 0x0000000723400000|  0%| F|  |TAMS 0x0000000723000000| PB 0x0000000723000000| Untracked |  0
|  909|0x0000000723400000, 0x0000000723400000, 0x0000000723800000|  0%| F|  |TAMS 0x0000000723400000| PB 0x0000000723400000| Untracked |  0
|  910|0x0000000723800000, 0x0000000723800000, 0x0000000723c00000|  0%| F|  |TAMS 0x0000000723800000| PB 0x0000000723800000| Untracked |  0
|  911|0x0000000723c00000, 0x0000000723c00000, 0x0000000724000000|  0%| F|  |TAMS 0x0000000723c00000| PB 0x0000000723c00000| Untracked |  0
|  912|0x0000000724000000, 0x0000000724000000, 0x0000000724400000|  0%| F|  |TAMS 0x0000000724000000| PB 0x0000000724000000| Untracked |  0
|  913|0x0000000724400000, 0x0000000724400000, 0x0000000724800000|  0%| F|  |TAMS 0x0000000724400000| PB 0x0000000724400000| Untracked |  0
|  914|0x0000000724800000, 0x0000000724800000, 0x0000000724c00000|  0%| F|  |TAMS 0x0000000724800000| PB 0x0000000724800000| Untracked |  0
|  915|0x0000000724c00000, 0x0000000724c00000, 0x0000000725000000|  0%| F|  |TAMS 0x0000000724c00000| PB 0x0000000724c00000| Untracked |  0
|  916|0x0000000725000000, 0x0000000725000000, 0x0000000725400000|  0%| F|  |TAMS 0x0000000725000000| PB 0x0000000725000000| Untracked |  0
|  917|0x0000000725400000, 0x0000000725400000, 0x0000000725800000|  0%| F|  |TAMS 0x0000000725400000| PB 0x0000000725400000| Untracked |  0
|  918|0x0000000725800000, 0x0000000725800000, 0x0000000725c00000|  0%| F|  |TAMS 0x0000000725800000| PB 0x0000000725800000| Untracked |  0
|  919|0x0000000725c00000, 0x0000000725c00000, 0x0000000726000000|  0%| F|  |TAMS 0x0000000725c00000| PB 0x0000000725c00000| Untracked |  0
|  920|0x0000000726000000, 0x0000000726000000, 0x0000000726400000|  0%| F|  |TAMS 0x0000000726000000| PB 0x0000000726000000| Untracked |  0
|  921|0x0000000726400000, 0x0000000726400000, 0x0000000726800000|  0%| F|  |TAMS 0x0000000726400000| PB 0x0000000726400000| Untracked |  0
|  922|0x0000000726800000, 0x0000000726800000, 0x0000000726c00000|  0%| F|  |TAMS 0x0000000726800000| PB 0x0000000726800000| Untracked |  0
|  923|0x0000000726c00000, 0x0000000726c00000, 0x0000000727000000|  0%| F|  |TAMS 0x0000000726c00000| PB 0x0000000726c00000| Untracked |  0
|  924|0x0000000727000000, 0x0000000727000000, 0x0000000727400000|  0%| F|  |TAMS 0x0000000727000000| PB 0x0000000727000000| Untracked |  0
|  925|0x0000000727400000, 0x0000000727400000, 0x0000000727800000|  0%| F|  |TAMS 0x0000000727400000| PB 0x0000000727400000| Untracked |  0
|  926|0x0000000727800000, 0x0000000727800000, 0x0000000727c00000|  0%| F|  |TAMS 0x0000000727800000| PB 0x0000000727800000| Untracked |  0
|  927|0x0000000727c00000, 0x0000000727c00000, 0x0000000728000000|  0%| F|  |TAMS 0x0000000727c00000| PB 0x0000000727c00000| Untracked |  0
|  928|0x0000000728000000, 0x0000000728000000, 0x0000000728400000|  0%| F|  |TAMS 0x0000000728000000| PB 0x0000000728000000| Untracked |  0
|  929|0x0000000728400000, 0x0000000728400000, 0x0000000728800000|  0%| F|  |TAMS 0x0000000728400000| PB 0x0000000728400000| Untracked |  0
|  930|0x0000000728800000, 0x0000000728800000, 0x0000000728c00000|  0%| F|  |TAMS 0x0000000728800000| PB 0x0000000728800000| Untracked |  0
|  931|0x0000000728c00000, 0x0000000728c00000, 0x0000000729000000|  0%| F|  |TAMS 0x0000000728c00000| PB 0x0000000728c00000| Untracked |  0
|  932|0x0000000729000000, 0x0000000729000000, 0x0000000729400000|  0%| F|  |TAMS 0x0000000729000000| PB 0x0000000729000000| Untracked |  0
|  933|0x0000000729400000, 0x0000000729400000, 0x0000000729800000|  0%| F|  |TAMS 0x0000000729400000| PB 0x0000000729400000| Untracked |  0
|  934|0x0000000729800000, 0x0000000729800000, 0x0000000729c00000|  0%| F|  |TAMS 0x0000000729800000| PB 0x0000000729800000| Untracked |  0
|  935|0x0000000729c00000, 0x0000000729c00000, 0x000000072a000000|  0%| F|  |TAMS 0x0000000729c00000| PB 0x0000000729c00000| Untracked |  0
|  936|0x000000072a000000, 0x000000072a000000, 0x000000072a400000|  0%| F|  |TAMS 0x000000072a000000| PB 0x000000072a000000| Untracked |  0
|  937|0x000000072a400000, 0x000000072a400000, 0x000000072a800000|  0%| F|  |TAMS 0x000000072a400000| PB 0x000000072a400000| Untracked |  0
|  938|0x000000072a800000, 0x000000072a800000, 0x000000072ac00000|  0%| F|  |TAMS 0x000000072a800000| PB 0x000000072a800000| Untracked |  0
|  939|0x000000072ac00000, 0x000000072ac00000, 0x000000072b000000|  0%| F|  |TAMS 0x000000072ac00000| PB 0x000000072ac00000| Untracked |  0
|  940|0x000000072b000000, 0x000000072b000000, 0x000000072b400000|  0%| F|  |TAMS 0x000000072b000000| PB 0x000000072b000000| Untracked |  0
|  941|0x000000072b400000, 0x000000072b400000, 0x000000072b800000|  0%| F|  |TAMS 0x000000072b400000| PB 0x000000072b400000| Untracked |  0
|  942|0x000000072b800000, 0x000000072b800000, 0x000000072bc00000|  0%| F|  |TAMS 0x000000072b800000| PB 0x000000072b800000| Untracked |  0
|  943|0x000000072bc00000, 0x000000072bc00000, 0x000000072c000000|  0%| F|  |TAMS 0x000000072bc00000| PB 0x000000072bc00000| Untracked |  0
|  944|0x000000072c000000, 0x000000072c000000, 0x000000072c400000|  0%| F|  |TAMS 0x000000072c000000| PB 0x000000072c000000| Untracked |  0
|  945|0x000000072c400000, 0x000000072c400000, 0x000000072c800000|  0%| F|  |TAMS 0x000000072c400000| PB 0x000000072c400000| Untracked |  0
|  946|0x000000072c800000, 0x000000072c800000, 0x000000072cc00000|  0%| F|  |TAMS 0x000000072c800000| PB 0x000000072c800000| Untracked |  0
|  947|0x000000072cc00000, 0x000000072cc00000, 0x000000072d000000|  0%| F|  |TAMS 0x000000072cc00000| PB 0x000000072cc00000| Untracked |  0
|  948|0x000000072d000000, 0x000000072d000000, 0x000000072d400000|  0%| F|  |TAMS 0x000000072d000000| PB 0x000000072d000000| Untracked |  0
|  949|0x000000072d400000, 0x000000072d400000, 0x000000072d800000|  0%| F|  |TAMS 0x000000072d400000| PB 0x000000072d400000| Untracked |  0
|  950|0x000000072d800000, 0x000000072d800000, 0x000000072dc00000|  0%| F|  |TAMS 0x000000072d800000| PB 0x000000072d800000| Untracked |  0
|  951|0x000000072dc00000, 0x000000072dc00000, 0x000000072e000000|  0%| F|  |TAMS 0x000000072dc00000| PB 0x000000072dc00000| Untracked |  0
|  952|0x000000072e000000, 0x000000072e000000, 0x000000072e400000|  0%| F|  |TAMS 0x000000072e000000| PB 0x000000072e000000| Untracked |  0
|  953|0x000000072e400000, 0x000000072e400000, 0x000000072e800000|  0%| F|  |TAMS 0x000000072e400000| PB 0x000000072e400000| Untracked |  0
|  954|0x000000072e800000, 0x000000072e800000, 0x000000072ec00000|  0%| F|  |TAMS 0x000000072e800000| PB 0x000000072e800000| Untracked |  0
|  955|0x000000072ec00000, 0x000000072ec00000, 0x000000072f000000|  0%| F|  |TAMS 0x000000072ec00000| PB 0x000000072ec00000| Untracked |  0
|  956|0x000000072f000000, 0x000000072f000000, 0x000000072f400000|  0%| F|  |TAMS 0x000000072f000000| PB 0x000000072f000000| Untracked |  0
|  957|0x000000072f400000, 0x000000072f400000, 0x000000072f800000|  0%| F|  |TAMS 0x000000072f400000| PB 0x000000072f400000| Untracked |  0
|  958|0x000000072f800000, 0x000000072f800000, 0x000000072fc00000|  0%| F|  |TAMS 0x000000072f800000| PB 0x000000072f800000| Untracked |  0
|  959|0x000000072fc00000, 0x000000072fc00000, 0x0000000730000000|  0%| F|  |TAMS 0x000000072fc00000| PB 0x000000072fc00000| Untracked |  0
|  960|0x0000000730000000, 0x0000000730000000, 0x0000000730400000|  0%| F|  |TAMS 0x0000000730000000| PB 0x0000000730000000| Untracked |  0
|  961|0x0000000730400000, 0x0000000730400000, 0x0000000730800000|  0%| F|  |TAMS 0x0000000730400000| PB 0x0000000730400000| Untracked |  0
|  962|0x0000000730800000, 0x0000000730800000, 0x0000000730c00000|  0%| F|  |TAMS 0x0000000730800000| PB 0x0000000730800000| Untracked |  0
|  963|0x0000000730c00000, 0x0000000730c00000, 0x0000000731000000|  0%| F|  |TAMS 0x0000000730c00000| PB 0x0000000730c00000| Untracked |  0
|  964|0x0000000731000000, 0x0000000731000000, 0x0000000731400000|  0%| F|  |TAMS 0x0000000731000000| PB 0x0000000731000000| Untracked |  0
|  965|0x0000000731400000, 0x0000000731400000, 0x0000000731800000|  0%| F|  |TAMS 0x0000000731400000| PB 0x0000000731400000| Untracked |  0
|  966|0x0000000731800000, 0x0000000731800000, 0x0000000731c00000|  0%| F|  |TAMS 0x0000000731800000| PB 0x0000000731800000| Untracked |  0
|  967|0x0000000731c00000, 0x0000000731c00000, 0x0000000732000000|  0%| F|  |TAMS 0x0000000731c00000| PB 0x0000000731c00000| Untracked |  0
|  968|0x0000000732000000, 0x0000000732000000, 0x0000000732400000|  0%| F|  |TAMS 0x0000000732000000| PB 0x0000000732000000| Untracked |  0
|  969|0x0000000732400000, 0x0000000732400000, 0x0000000732800000|  0%| F|  |TAMS 0x0000000732400000| PB 0x0000000732400000| Untracked |  0
|  970|0x0000000732800000, 0x0000000732800000, 0x0000000732c00000|  0%| F|  |TAMS 0x0000000732800000| PB 0x0000000732800000| Untracked |  0
|  971|0x0000000732c00000, 0x0000000732c00000, 0x0000000733000000|  0%| F|  |TAMS 0x0000000732c00000| PB 0x0000000732c00000| Untracked |  0
|  972|0x0000000733000000, 0x0000000733000000, 0x0000000733400000|  0%| F|  |TAMS 0x0000000733000000| PB 0x0000000733000000| Untracked |  0
|  973|0x0000000733400000, 0x0000000733400000, 0x0000000733800000|  0%| F|  |TAMS 0x0000000733400000| PB 0x0000000733400000| Untracked |  0
|  974|0x0000000733800000, 0x0000000733800000, 0x0000000733c00000|  0%| F|  |TAMS 0x0000000733800000| PB 0x0000000733800000| Untracked |  0
|  975|0x0000000733c00000, 0x0000000733c00000, 0x0000000734000000|  0%| F|  |TAMS 0x0000000733c00000| PB 0x0000000733c00000| Untracked |  0
|  976|0x0000000734000000, 0x0000000734000000, 0x0000000734400000|  0%| F|  |TAMS 0x0000000734000000| PB 0x0000000734000000| Untracked |  0
|  977|0x0000000734400000, 0x0000000734400000, 0x0000000734800000|  0%| F|  |TAMS 0x0000000734400000| PB 0x0000000734400000| Untracked |  0
|  978|0x0000000734800000, 0x0000000734800000, 0x0000000734c00000|  0%| F|  |TAMS 0x0000000734800000| PB 0x0000000734800000| Untracked |  0
|  979|0x0000000734c00000, 0x0000000734c00000, 0x0000000735000000|  0%| F|  |TAMS 0x0000000734c00000| PB 0x0000000734c00000| Untracked |  0
|  980|0x0000000735000000, 0x0000000735000000, 0x0000000735400000|  0%| F|  |TAMS 0x0000000735000000| PB 0x0000000735000000| Untracked |  0
|  981|0x0000000735400000, 0x0000000735400000, 0x0000000735800000|  0%| F|  |TAMS 0x0000000735400000| PB 0x0000000735400000| Untracked |  0
|  982|0x0000000735800000, 0x0000000735800000, 0x0000000735c00000|  0%| F|  |TAMS 0x0000000735800000| PB 0x0000000735800000| Untracked |  0
|  983|0x0000000735c00000, 0x0000000735c00000, 0x0000000736000000|  0%| F|  |TAMS 0x0000000735c00000| PB 0x0000000735c00000| Untracked |  0
|  984|0x0000000736000000, 0x0000000736000000, 0x0000000736400000|  0%| F|  |TAMS 0x0000000736000000| PB 0x0000000736000000| Untracked |  0
|  985|0x0000000736400000, 0x0000000736400000, 0x0000000736800000|  0%| F|  |TAMS 0x0000000736400000| PB 0x0000000736400000| Untracked |  0
|  986|0x0000000736800000, 0x0000000736800000, 0x0000000736c00000|  0%| F|  |TAMS 0x0000000736800000| PB 0x0000000736800000| Untracked |  0
|  987|0x0000000736c00000, 0x0000000736c00000, 0x0000000737000000|  0%| F|  |TAMS 0x0000000736c00000| PB 0x0000000736c00000| Untracked |  0
|  988|0x0000000737000000, 0x0000000737000000, 0x0000000737400000|  0%| F|  |TAMS 0x0000000737000000| PB 0x0000000737000000| Untracked |  0
|  989|0x0000000737400000, 0x0000000737400000, 0x0000000737800000|  0%| F|  |TAMS 0x0000000737400000| PB 0x0000000737400000| Untracked |  0
|  990|0x0000000737800000, 0x0000000737800000, 0x0000000737c00000|  0%| F|  |TAMS 0x0000000737800000| PB 0x0000000737800000| Untracked |  0
|  991|0x0000000737c00000, 0x0000000737c00000, 0x0000000738000000|  0%| F|  |TAMS 0x0000000737c00000| PB 0x0000000737c00000| Untracked |  0
|  992|0x0000000738000000, 0x0000000738000000, 0x0000000738400000|  0%| F|  |TAMS 0x0000000738000000| PB 0x0000000738000000| Untracked |  0
|  993|0x0000000738400000, 0x0000000738400000, 0x0000000738800000|  0%| F|  |TAMS 0x0000000738400000| PB 0x0000000738400000| Untracked |  0
|  994|0x0000000738800000, 0x0000000738800000, 0x0000000738c00000|  0%| F|  |TAMS 0x0000000738800000| PB 0x0000000738800000| Untracked |  0
|  995|0x0000000738c00000, 0x0000000738c00000, 0x0000000739000000|  0%| F|  |TAMS 0x0000000738c00000| PB 0x0000000738c00000| Untracked |  0
|  996|0x0000000739000000, 0x0000000739000000, 0x0000000739400000|  0%| F|  |TAMS 0x0000000739000000| PB 0x0000000739000000| Untracked |  0
|  997|0x0000000739400000, 0x0000000739400000, 0x0000000739800000|  0%| F|  |TAMS 0x0000000739400000| PB 0x0000000739400000| Untracked |  0
|  998|0x0000000739800000, 0x0000000739800000, 0x0000000739c00000|  0%| F|  |TAMS 0x0000000739800000| PB 0x0000000739800000| Untracked |  0
|  999|0x0000000739c00000, 0x0000000739c00000, 0x000000073a000000|  0%| F|  |TAMS 0x0000000739c00000| PB 0x0000000739c00000| Untracked |  0
| 1000|0x000000073a000000, 0x000000073a000000, 0x000000073a400000|  0%| F|  |TAMS 0x000000073a000000| PB 0x000000073a000000| Untracked |  0
| 1001|0x000000073a400000, 0x000000073a400000, 0x000000073a800000|  0%| F|  |TAMS 0x000000073a400000| PB 0x000000073a400000| Untracked |  0
| 1002|0x000000073a800000, 0x000000073a800000, 0x000000073ac00000|  0%| F|  |TAMS 0x000000073a800000| PB 0x000000073a800000| Untracked |  0
| 1003|0x000000073ac00000, 0x000000073ac00000, 0x000000073b000000|  0%| F|  |TAMS 0x000000073ac00000| PB 0x000000073ac00000| Untracked |  0
| 1004|0x000000073b000000, 0x000000073b000000, 0x000000073b400000|  0%| F|  |TAMS 0x000000073b000000| PB 0x000000073b000000| Untracked |  0
| 1005|0x000000073b400000, 0x000000073b400000, 0x000000073b800000|  0%| F|  |TAMS 0x000000073b400000| PB 0x000000073b400000| Untracked |  0
| 1006|0x000000073b800000, 0x000000073b800000, 0x000000073bc00000|  0%| F|  |TAMS 0x000000073b800000| PB 0x000000073b800000| Untracked |  0
| 1007|0x000000073bc00000, 0x000000073bc00000, 0x000000073c000000|  0%| F|  |TAMS 0x000000073bc00000| PB 0x000000073bc00000| Untracked |  0
| 1008|0x000000073c000000, 0x000000073c000000, 0x000000073c400000|  0%| F|  |TAMS 0x000000073c000000| PB 0x000000073c000000| Untracked |  0
| 1009|0x000000073c400000, 0x000000073c400000, 0x000000073c800000|  0%| F|  |TAMS 0x000000073c400000| PB 0x000000073c400000| Untracked |  0
| 1010|0x000000073c800000, 0x000000073c800000, 0x000000073cc00000|  0%| F|  |TAMS 0x000000073c800000| PB 0x000000073c800000| Untracked |  0
| 1011|0x000000073cc00000, 0x000000073cc00000, 0x000000073d000000|  0%| F|  |TAMS 0x000000073cc00000| PB 0x000000073cc00000| Untracked |  0
| 1012|0x000000073d000000, 0x000000073d000000, 0x000000073d400000|  0%| F|  |TAMS 0x000000073d000000| PB 0x000000073d000000| Untracked |  0
| 1013|0x000000073d400000, 0x000000073d400000, 0x000000073d800000|  0%| F|  |TAMS 0x000000073d400000| PB 0x000000073d400000| Untracked |  0
| 1014|0x000000073d800000, 0x000000073d800000, 0x000000073dc00000|  0%| F|  |TAMS 0x000000073d800000| PB 0x000000073d800000| Untracked |  0
| 1015|0x000000073dc00000, 0x000000073dc00000, 0x000000073e000000|  0%| F|  |TAMS 0x000000073dc00000| PB 0x000000073dc00000| Untracked |  0
| 1016|0x000000073e000000, 0x000000073e000000, 0x000000073e400000|  0%| F|  |TAMS 0x000000073e000000| PB 0x000000073e000000| Untracked |  0
| 1017|0x000000073e400000, 0x000000073e400000, 0x000000073e800000|  0%| F|  |TAMS 0x000000073e400000| PB 0x000000073e400000| Untracked |  0
| 1018|0x000000073e800000, 0x000000073e800000, 0x000000073ec00000|  0%| F|  |TAMS 0x000000073e800000| PB 0x000000073e800000| Untracked |  0
| 1019|0x000000073ec00000, 0x000000073ec00000, 0x000000073f000000|  0%| F|  |TAMS 0x000000073ec00000| PB 0x000000073ec00000| Untracked |  0
| 1020|0x000000073f000000, 0x000000073f000000, 0x000000073f400000|  0%| F|  |TAMS 0x000000073f000000| PB 0x000000073f000000| Untracked |  0
| 1021|0x000000073f400000, 0x000000073f400000, 0x000000073f800000|  0%| F|  |TAMS 0x000000073f400000| PB 0x000000073f400000| Untracked |  0
| 1022|0x000000073f800000, 0x000000073f800000, 0x000000073fc00000|  0%| F|  |TAMS 0x000000073f800000| PB 0x000000073f800000| Untracked |  0
| 1023|0x000000073fc00000, 0x000000073fc00000, 0x0000000740000000|  0%| F|  |TAMS 0x000000073fc00000| PB 0x000000073fc00000| Untracked |  0
| 1024|0x0000000740000000, 0x0000000740000000, 0x0000000740400000|  0%| F|  |TAMS 0x0000000740000000| PB 0x0000000740000000| Untracked |  0
| 1025|0x0000000740400000, 0x0000000740400000, 0x0000000740800000|  0%| F|  |TAMS 0x0000000740400000| PB 0x0000000740400000| Untracked |  0
| 1026|0x0000000740800000, 0x0000000740800000, 0x0000000740c00000|  0%| F|  |TAMS 0x0000000740800000| PB 0x0000000740800000| Untracked |  0
| 1027|0x0000000740c00000, 0x0000000740c00000, 0x0000000741000000|  0%| F|  |TAMS 0x0000000740c00000| PB 0x0000000740c00000| Untracked |  0
| 1028|0x0000000741000000, 0x0000000741000000, 0x0000000741400000|  0%| F|  |TAMS 0x0000000741000000| PB 0x0000000741000000| Untracked |  0
| 1029|0x0000000741400000, 0x0000000741400000, 0x0000000741800000|  0%| F|  |TAMS 0x0000000741400000| PB 0x0000000741400000| Untracked |  0
| 1030|0x0000000741800000, 0x0000000741800000, 0x0000000741c00000|  0%| F|  |TAMS 0x0000000741800000| PB 0x0000000741800000| Untracked |  0
| 1031|0x0000000741c00000, 0x0000000741c00000, 0x0000000742000000|  0%| F|  |TAMS 0x0000000741c00000| PB 0x0000000741c00000| Untracked |  0
| 1032|0x0000000742000000, 0x0000000742000000, 0x0000000742400000|  0%| F|  |TAMS 0x0000000742000000| PB 0x0000000742000000| Untracked |  0
| 1033|0x0000000742400000, 0x0000000742400000, 0x0000000742800000|  0%| F|  |TAMS 0x0000000742400000| PB 0x0000000742400000| Untracked |  0
| 1034|0x0000000742800000, 0x0000000742800000, 0x0000000742c00000|  0%| F|  |TAMS 0x0000000742800000| PB 0x0000000742800000| Untracked |  0
| 1035|0x0000000742c00000, 0x0000000742c00000, 0x0000000743000000|  0%| F|  |TAMS 0x0000000742c00000| PB 0x0000000742c00000| Untracked |  0
| 1036|0x0000000743000000, 0x0000000743000000, 0x0000000743400000|  0%| F|  |TAMS 0x0000000743000000| PB 0x0000000743000000| Untracked |  0
| 1037|0x0000000743400000, 0x0000000743400000, 0x0000000743800000|  0%| F|  |TAMS 0x0000000743400000| PB 0x0000000743400000| Untracked |  0
| 1038|0x0000000743800000, 0x0000000743800000, 0x0000000743c00000|  0%| F|  |TAMS 0x0000000743800000| PB 0x0000000743800000| Untracked |  0
| 1039|0x0000000743c00000, 0x0000000743c00000, 0x0000000744000000|  0%| F|  |TAMS 0x0000000743c00000| PB 0x0000000743c00000| Untracked |  0
| 1040|0x0000000744000000, 0x0000000744000000, 0x0000000744400000|  0%| F|  |TAMS 0x0000000744000000| PB 0x0000000744000000| Untracked |  0
| 1041|0x0000000744400000, 0x0000000744400000, 0x0000000744800000|  0%| F|  |TAMS 0x0000000744400000| PB 0x0000000744400000| Untracked |  0
| 1042|0x0000000744800000, 0x0000000744800000, 0x0000000744c00000|  0%| F|  |TAMS 0x0000000744800000| PB 0x0000000744800000| Untracked |  0
| 1043|0x0000000744c00000, 0x0000000744c00000, 0x0000000745000000|  0%| F|  |TAMS 0x0000000744c00000| PB 0x0000000744c00000| Untracked |  0
| 1044|0x0000000745000000, 0x0000000745000000, 0x0000000745400000|  0%| F|  |TAMS 0x0000000745000000| PB 0x0000000745000000| Untracked |  0
| 1045|0x0000000745400000, 0x0000000745400000, 0x0000000745800000|  0%| F|  |TAMS 0x0000000745400000| PB 0x0000000745400000| Untracked |  0
| 1046|0x0000000745800000, 0x0000000745800000, 0x0000000745c00000|  0%| F|  |TAMS 0x0000000745800000| PB 0x0000000745800000| Untracked |  0
| 1047|0x0000000745c00000, 0x0000000745c00000, 0x0000000746000000|  0%| F|  |TAMS 0x0000000745c00000| PB 0x0000000745c00000| Untracked |  0
| 1048|0x0000000746000000, 0x0000000746000000, 0x0000000746400000|  0%| F|  |TAMS 0x0000000746000000| PB 0x0000000746000000| Untracked |  0
| 1049|0x0000000746400000, 0x0000000746400000, 0x0000000746800000|  0%| F|  |TAMS 0x0000000746400000| PB 0x0000000746400000| Untracked |  0
| 1050|0x0000000746800000, 0x0000000746800000, 0x0000000746c00000|  0%| F|  |TAMS 0x0000000746800000| PB 0x0000000746800000| Untracked |  0
| 1051|0x0000000746c00000, 0x0000000746c00000, 0x0000000747000000|  0%| F|  |TAMS 0x0000000746c00000| PB 0x0000000746c00000| Untracked |  0
| 1052|0x0000000747000000, 0x0000000747000000, 0x0000000747400000|  0%| F|  |TAMS 0x0000000747000000| PB 0x0000000747000000| Untracked |  0
| 1053|0x0000000747400000, 0x0000000747400000, 0x0000000747800000|  0%| F|  |TAMS 0x0000000747400000| PB 0x0000000747400000| Untracked |  0
| 1054|0x0000000747800000, 0x0000000747800000, 0x0000000747c00000|  0%| F|  |TAMS 0x0000000747800000| PB 0x0000000747800000| Untracked |  0
| 1055|0x0000000747c00000, 0x0000000747c00000, 0x0000000748000000|  0%| F|  |TAMS 0x0000000747c00000| PB 0x0000000747c00000| Untracked |  0
| 1056|0x0000000748000000, 0x0000000748000000, 0x0000000748400000|  0%| F|  |TAMS 0x0000000748000000| PB 0x0000000748000000| Untracked |  0
| 1057|0x0000000748400000, 0x0000000748400000, 0x0000000748800000|  0%| F|  |TAMS 0x0000000748400000| PB 0x0000000748400000| Untracked |  0
| 1058|0x0000000748800000, 0x0000000748800000, 0x0000000748c00000|  0%| F|  |TAMS 0x0000000748800000| PB 0x0000000748800000| Untracked |  0
| 1059|0x0000000748c00000, 0x0000000748c00000, 0x0000000749000000|  0%| F|  |TAMS 0x0000000748c00000| PB 0x0000000748c00000| Untracked |  0
| 1060|0x0000000749000000, 0x0000000749000000, 0x0000000749400000|  0%| F|  |TAMS 0x0000000749000000| PB 0x0000000749000000| Untracked |  0
| 1061|0x0000000749400000, 0x0000000749400000, 0x0000000749800000|  0%| F|  |TAMS 0x0000000749400000| PB 0x0000000749400000| Untracked |  0
| 1062|0x0000000749800000, 0x0000000749800000, 0x0000000749c00000|  0%| F|  |TAMS 0x0000000749800000| PB 0x0000000749800000| Untracked |  0
| 1063|0x0000000749c00000, 0x0000000749c00000, 0x000000074a000000|  0%| F|  |TAMS 0x0000000749c00000| PB 0x0000000749c00000| Untracked |  0
| 1064|0x000000074a000000, 0x000000074a000000, 0x000000074a400000|  0%| F|  |TAMS 0x000000074a000000| PB 0x000000074a000000| Untracked |  0
| 1065|0x000000074a400000, 0x000000074a400000, 0x000000074a800000|  0%| F|  |TAMS 0x000000074a400000| PB 0x000000074a400000| Untracked |  0
| 1066|0x000000074a800000, 0x000000074a800000, 0x000000074ac00000|  0%| F|  |TAMS 0x000000074a800000| PB 0x000000074a800000| Untracked |  0
| 1067|0x000000074ac00000, 0x000000074ac00000, 0x000000074b000000|  0%| F|  |TAMS 0x000000074ac00000| PB 0x000000074ac00000| Untracked |  0
| 1068|0x000000074b000000, 0x000000074b000000, 0x000000074b400000|  0%| F|  |TAMS 0x000000074b000000| PB 0x000000074b000000| Untracked |  0
| 1069|0x000000074b400000, 0x000000074b400000, 0x000000074b800000|  0%| F|  |TAMS 0x000000074b400000| PB 0x000000074b400000| Untracked |  0
| 1070|0x000000074b800000, 0x000000074b800000, 0x000000074bc00000|  0%| F|  |TAMS 0x000000074b800000| PB 0x000000074b800000| Untracked |  0
| 1071|0x000000074bc00000, 0x000000074bc00000, 0x000000074c000000|  0%| F|  |TAMS 0x000000074bc00000| PB 0x000000074bc00000| Untracked |  0
| 1072|0x000000074c000000, 0x000000074c000000, 0x000000074c400000|  0%| F|  |TAMS 0x000000074c000000| PB 0x000000074c000000| Untracked |  0
| 1073|0x000000074c400000, 0x000000074c400000, 0x000000074c800000|  0%| F|  |TAMS 0x000000074c400000| PB 0x000000074c400000| Untracked |  0
| 1074|0x000000074c800000, 0x000000074c800000, 0x000000074cc00000|  0%| F|  |TAMS 0x000000074c800000| PB 0x000000074c800000| Untracked |  0
| 1075|0x000000074cc00000, 0x000000074cc00000, 0x000000074d000000|  0%| F|  |TAMS 0x000000074cc00000| PB 0x000000074cc00000| Untracked |  0
| 1076|0x000000074d000000, 0x000000074d000000, 0x000000074d400000|  0%| F|  |TAMS 0x000000074d000000| PB 0x000000074d000000| Untracked |  0
| 1077|0x000000074d400000, 0x000000074d400000, 0x000000074d800000|  0%| F|  |TAMS 0x000000074d400000| PB 0x000000074d400000| Untracked |  0
| 1078|0x000000074d800000, 0x000000074d800000, 0x000000074dc00000|  0%| F|  |TAMS 0x000000074d800000| PB 0x000000074d800000| Untracked |  0
| 1079|0x000000074dc00000, 0x000000074dc00000, 0x000000074e000000|  0%| F|  |TAMS 0x000000074dc00000| PB 0x000000074dc00000| Untracked |  0
| 1080|0x000000074e000000, 0x000000074e000000, 0x000000074e400000|  0%| F|  |TAMS 0x000000074e000000| PB 0x000000074e000000| Untracked |  0
| 1081|0x000000074e400000, 0x000000074e400000, 0x000000074e800000|  0%| F|  |TAMS 0x000000074e400000| PB 0x000000074e400000| Untracked |  0
| 1082|0x000000074e800000, 0x000000074e800000, 0x000000074ec00000|  0%| F|  |TAMS 0x000000074e800000| PB 0x000000074e800000| Untracked |  0
| 1083|0x000000074ec00000, 0x000000074ec00000, 0x000000074f000000|  0%| F|  |TAMS 0x000000074ec00000| PB 0x000000074ec00000| Untracked |  0
| 1084|0x000000074f000000, 0x000000074f000000, 0x000000074f400000|  0%| F|  |TAMS 0x000000074f000000| PB 0x000000074f000000| Untracked |  0
| 1085|0x000000074f400000, 0x000000074f400000, 0x000000074f800000|  0%| F|  |TAMS 0x000000074f400000| PB 0x000000074f400000| Untracked |  0
| 1086|0x000000074f800000, 0x000000074f800000, 0x000000074fc00000|  0%| F|  |TAMS 0x000000074f800000| PB 0x000000074f800000| Untracked |  0
| 1087|0x000000074fc00000, 0x000000074fc00000, 0x0000000750000000|  0%| F|  |TAMS 0x000000074fc00000| PB 0x000000074fc00000| Untracked |  0
| 1088|0x0000000750000000, 0x0000000750000000, 0x0000000750400000|  0%| F|  |TAMS 0x0000000750000000| PB 0x0000000750000000| Untracked |  0
| 1089|0x0000000750400000, 0x0000000750400000, 0x0000000750800000|  0%| F|  |TAMS 0x0000000750400000| PB 0x0000000750400000| Untracked |  0
| 1090|0x0000000750800000, 0x0000000750800000, 0x0000000750c00000|  0%| F|  |TAMS 0x0000000750800000| PB 0x0000000750800000| Untracked |  0
| 1091|0x0000000750c00000, 0x0000000750c00000, 0x0000000751000000|  0%| F|  |TAMS 0x0000000750c00000| PB 0x0000000750c00000| Untracked |  0
| 1092|0x0000000751000000, 0x0000000751000000, 0x0000000751400000|  0%| F|  |TAMS 0x0000000751000000| PB 0x0000000751000000| Untracked |  0
| 1093|0x0000000751400000, 0x0000000751400000, 0x0000000751800000|  0%| F|  |TAMS 0x0000000751400000| PB 0x0000000751400000| Untracked |  0
| 1094|0x0000000751800000, 0x0000000751800000, 0x0000000751c00000|  0%| F|  |TAMS 0x0000000751800000| PB 0x0000000751800000| Untracked |  0
| 1095|0x0000000751c00000, 0x0000000751c00000, 0x0000000752000000|  0%| F|  |TAMS 0x0000000751c00000| PB 0x0000000751c00000| Untracked |  0
| 1096|0x0000000752000000, 0x0000000752000000, 0x0000000752400000|  0%| F|  |TAMS 0x0000000752000000| PB 0x0000000752000000| Untracked |  0
| 1097|0x0000000752400000, 0x0000000752400000, 0x0000000752800000|  0%| F|  |TAMS 0x0000000752400000| PB 0x0000000752400000| Untracked |  0
| 1098|0x0000000752800000, 0x0000000752800000, 0x0000000752c00000|  0%| F|  |TAMS 0x0000000752800000| PB 0x0000000752800000| Untracked |  0
| 1099|0x0000000752c00000, 0x0000000752c00000, 0x0000000753000000|  0%| F|  |TAMS 0x0000000752c00000| PB 0x0000000752c00000| Untracked |  0
| 1100|0x0000000753000000, 0x0000000753000000, 0x0000000753400000|  0%| F|  |TAMS 0x0000000753000000| PB 0x0000000753000000| Untracked |  0
| 1101|0x0000000753400000, 0x0000000753400000, 0x0000000753800000|  0%| F|  |TAMS 0x0000000753400000| PB 0x0000000753400000| Untracked |  0
| 1102|0x0000000753800000, 0x0000000753800000, 0x0000000753c00000|  0%| F|  |TAMS 0x0000000753800000| PB 0x0000000753800000| Untracked |  0
| 1103|0x0000000753c00000, 0x0000000753c00000, 0x0000000754000000|  0%| F|  |TAMS 0x0000000753c00000| PB 0x0000000753c00000| Untracked |  0
| 1104|0x0000000754000000, 0x0000000754000000, 0x0000000754400000|  0%| F|  |TAMS 0x0000000754000000| PB 0x0000000754000000| Untracked |  0
| 1105|0x0000000754400000, 0x0000000754400000, 0x0000000754800000|  0%| F|  |TAMS 0x0000000754400000| PB 0x0000000754400000| Untracked |  0
| 1106|0x0000000754800000, 0x0000000754800000, 0x0000000754c00000|  0%| F|  |TAMS 0x0000000754800000| PB 0x0000000754800000| Untracked |  0
| 1107|0x0000000754c00000, 0x0000000754c00000, 0x0000000755000000|  0%| F|  |TAMS 0x0000000754c00000| PB 0x0000000754c00000| Untracked |  0
| 1108|0x0000000755000000, 0x0000000755000000, 0x0000000755400000|  0%| F|  |TAMS 0x0000000755000000| PB 0x0000000755000000| Untracked |  0
| 1109|0x0000000755400000, 0x0000000755400000, 0x0000000755800000|  0%| F|  |TAMS 0x0000000755400000| PB 0x0000000755400000| Untracked |  0
| 1110|0x0000000755800000, 0x0000000755800000, 0x0000000755c00000|  0%| F|  |TAMS 0x0000000755800000| PB 0x0000000755800000| Untracked |  0
| 1111|0x0000000755c00000, 0x0000000755c00000, 0x0000000756000000|  0%| F|  |TAMS 0x0000000755c00000| PB 0x0000000755c00000| Untracked |  0
| 1112|0x0000000756000000, 0x0000000756000000, 0x0000000756400000|  0%| F|  |TAMS 0x0000000756000000| PB 0x0000000756000000| Untracked |  0
| 1113|0x0000000756400000, 0x0000000756400000, 0x0000000756800000|  0%| F|  |TAMS 0x0000000756400000| PB 0x0000000756400000| Untracked |  0
| 1114|0x0000000756800000, 0x0000000756800000, 0x0000000756c00000|  0%| F|  |TAMS 0x0000000756800000| PB 0x0000000756800000| Untracked |  0
| 1115|0x0000000756c00000, 0x0000000756c00000, 0x0000000757000000|  0%| F|  |TAMS 0x0000000756c00000| PB 0x0000000756c00000| Untracked |  0
| 1116|0x0000000757000000, 0x0000000757000000, 0x0000000757400000|  0%| F|  |TAMS 0x0000000757000000| PB 0x0000000757000000| Untracked |  0
| 1117|0x0000000757400000, 0x0000000757400000, 0x0000000757800000|  0%| F|  |TAMS 0x0000000757400000| PB 0x0000000757400000| Untracked |  0
| 1118|0x0000000757800000, 0x0000000757800000, 0x0000000757c00000|  0%| F|  |TAMS 0x0000000757800000| PB 0x0000000757800000| Untracked |  0
| 1119|0x0000000757c00000, 0x0000000757c00000, 0x0000000758000000|  0%| F|  |TAMS 0x0000000757c00000| PB 0x0000000757c00000| Untracked |  0
| 1120|0x0000000758000000, 0x0000000758000000, 0x0000000758400000|  0%| F|  |TAMS 0x0000000758000000| PB 0x0000000758000000| Untracked |  0
| 1121|0x0000000758400000, 0x0000000758400000, 0x0000000758800000|  0%| F|  |TAMS 0x0000000758400000| PB 0x0000000758400000| Untracked |  0
| 1122|0x0000000758800000, 0x0000000758800000, 0x0000000758c00000|  0%| F|  |TAMS 0x0000000758800000| PB 0x0000000758800000| Untracked |  0
| 1123|0x0000000758c00000, 0x0000000758c00000, 0x0000000759000000|  0%| F|  |TAMS 0x0000000758c00000| PB 0x0000000758c00000| Untracked |  0
| 1124|0x0000000759000000, 0x0000000759000000, 0x0000000759400000|  0%| F|  |TAMS 0x0000000759000000| PB 0x0000000759000000| Untracked |  0
| 1125|0x0000000759400000, 0x0000000759400000, 0x0000000759800000|  0%| F|  |TAMS 0x0000000759400000| PB 0x0000000759400000| Untracked |  0
| 1126|0x0000000759800000, 0x0000000759800000, 0x0000000759c00000|  0%| F|  |TAMS 0x0000000759800000| PB 0x0000000759800000| Untracked |  0
| 1127|0x0000000759c00000, 0x0000000759c00000, 0x000000075a000000|  0%| F|  |TAMS 0x0000000759c00000| PB 0x0000000759c00000| Untracked |  0
| 1128|0x000000075a000000, 0x000000075a000000, 0x000000075a400000|  0%| F|  |TAMS 0x000000075a000000| PB 0x000000075a000000| Untracked |  0
| 1129|0x000000075a400000, 0x000000075a400000, 0x000000075a800000|  0%| F|  |TAMS 0x000000075a400000| PB 0x000000075a400000| Untracked |  0
| 1130|0x000000075a800000, 0x000000075a800000, 0x000000075ac00000|  0%| F|  |TAMS 0x000000075a800000| PB 0x000000075a800000| Untracked |  0
| 1131|0x000000075ac00000, 0x000000075ac00000, 0x000000075b000000|  0%| F|  |TAMS 0x000000075ac00000| PB 0x000000075ac00000| Untracked |  0
| 1132|0x000000075b000000, 0x000000075b000000, 0x000000075b400000|  0%| F|  |TAMS 0x000000075b000000| PB 0x000000075b000000| Untracked |  0
| 1133|0x000000075b400000, 0x000000075b400000, 0x000000075b800000|  0%| F|  |TAMS 0x000000075b400000| PB 0x000000075b400000| Untracked |  0
| 1134|0x000000075b800000, 0x000000075b800000, 0x000000075bc00000|  0%| F|  |TAMS 0x000000075b800000| PB 0x000000075b800000| Untracked |  0
| 1135|0x000000075bc00000, 0x000000075bc00000, 0x000000075c000000|  0%| F|  |TAMS 0x000000075bc00000| PB 0x000000075bc00000| Untracked |  0
| 1136|0x000000075c000000, 0x000000075c000000, 0x000000075c400000|  0%| F|  |TAMS 0x000000075c000000| PB 0x000000075c000000| Untracked |  0
| 1137|0x000000075c400000, 0x000000075c400000, 0x000000075c800000|  0%| F|  |TAMS 0x000000075c400000| PB 0x000000075c400000| Untracked |  0
| 1138|0x000000075c800000, 0x000000075c800000, 0x000000075cc00000|  0%| F|  |TAMS 0x000000075c800000| PB 0x000000075c800000| Untracked |  0
| 1139|0x000000075cc00000, 0x000000075cc00000, 0x000000075d000000|  0%| F|  |TAMS 0x000000075cc00000| PB 0x000000075cc00000| Untracked |  0
| 1140|0x000000075d000000, 0x000000075d000000, 0x000000075d400000|  0%| F|  |TAMS 0x000000075d000000| PB 0x000000075d000000| Untracked |  0
| 1141|0x000000075d400000, 0x000000075d400000, 0x000000075d800000|  0%| F|  |TAMS 0x000000075d400000| PB 0x000000075d400000| Untracked |  0
| 1142|0x000000075d800000, 0x000000075d800000, 0x000000075dc00000|  0%| F|  |TAMS 0x000000075d800000| PB 0x000000075d800000| Untracked |  0
| 1143|0x000000075dc00000, 0x000000075dc00000, 0x000000075e000000|  0%| F|  |TAMS 0x000000075dc00000| PB 0x000000075dc00000| Untracked |  0
| 1144|0x000000075e000000, 0x000000075e000000, 0x000000075e400000|  0%| F|  |TAMS 0x000000075e000000| PB 0x000000075e000000| Untracked |  0
| 1145|0x000000075e400000, 0x000000075e400000, 0x000000075e800000|  0%| F|  |TAMS 0x000000075e400000| PB 0x000000075e400000| Untracked |  0
| 1146|0x000000075e800000, 0x000000075e800000, 0x000000075ec00000|  0%| F|  |TAMS 0x000000075e800000| PB 0x000000075e800000| Untracked |  0
| 1147|0x000000075ec00000, 0x000000075ec00000, 0x000000075f000000|  0%| F|  |TAMS 0x000000075ec00000| PB 0x000000075ec00000| Untracked |  0
| 1148|0x000000075f000000, 0x000000075f000000, 0x000000075f400000|  0%| F|  |TAMS 0x000000075f000000| PB 0x000000075f000000| Untracked |  0
| 1149|0x000000075f400000, 0x000000075f400000, 0x000000075f800000|  0%| F|  |TAMS 0x000000075f400000| PB 0x000000075f400000| Untracked |  0
| 1150|0x000000075f800000, 0x000000075f800000, 0x000000075fc00000|  0%| F|  |TAMS 0x000000075f800000| PB 0x000000075f800000| Untracked |  0
| 1151|0x000000075fc00000, 0x000000075fc00000, 0x0000000760000000|  0%| F|  |TAMS 0x000000075fc00000| PB 0x000000075fc00000| Untracked |  0
| 1152|0x0000000760000000, 0x0000000760000000, 0x0000000760400000|  0%| F|  |TAMS 0x0000000760000000| PB 0x0000000760000000| Untracked |  0
| 1153|0x0000000760400000, 0x0000000760400000, 0x0000000760800000|  0%| F|  |TAMS 0x0000000760400000| PB 0x0000000760400000| Untracked |  0
| 1154|0x0000000760800000, 0x0000000760800000, 0x0000000760c00000|  0%| F|  |TAMS 0x0000000760800000| PB 0x0000000760800000| Untracked |  0
| 1155|0x0000000760c00000, 0x0000000760c00000, 0x0000000761000000|  0%| F|  |TAMS 0x0000000760c00000| PB 0x0000000760c00000| Untracked |  0
| 1156|0x0000000761000000, 0x0000000761000000, 0x0000000761400000|  0%| F|  |TAMS 0x0000000761000000| PB 0x0000000761000000| Untracked |  0
| 1157|0x0000000761400000, 0x0000000761400000, 0x0000000761800000|  0%| F|  |TAMS 0x0000000761400000| PB 0x0000000761400000| Untracked |  0
| 1158|0x0000000761800000, 0x0000000761800000, 0x0000000761c00000|  0%| F|  |TAMS 0x0000000761800000| PB 0x0000000761800000| Untracked |  0
| 1159|0x0000000761c00000, 0x0000000761c00000, 0x0000000762000000|  0%| F|  |TAMS 0x0000000761c00000| PB 0x0000000761c00000| Untracked |  0
| 1160|0x0000000762000000, 0x0000000762000000, 0x0000000762400000|  0%| F|  |TAMS 0x0000000762000000| PB 0x0000000762000000| Untracked |  0
| 1161|0x0000000762400000, 0x0000000762400000, 0x0000000762800000|  0%| F|  |TAMS 0x0000000762400000| PB 0x0000000762400000| Untracked |  0
| 1162|0x0000000762800000, 0x0000000762800000, 0x0000000762c00000|  0%| F|  |TAMS 0x0000000762800000| PB 0x0000000762800000| Untracked |  0
| 1163|0x0000000762c00000, 0x0000000762c00000, 0x0000000763000000|  0%| F|  |TAMS 0x0000000762c00000| PB 0x0000000762c00000| Untracked |  0
| 1164|0x0000000763000000, 0x0000000763000000, 0x0000000763400000|  0%| F|  |TAMS 0x0000000763000000| PB 0x0000000763000000| Untracked |  0
| 1165|0x0000000763400000, 0x0000000763400000, 0x0000000763800000|  0%| F|  |TAMS 0x0000000763400000| PB 0x0000000763400000| Untracked |  0
| 1166|0x0000000763800000, 0x0000000763800000, 0x0000000763c00000|  0%| F|  |TAMS 0x0000000763800000| PB 0x0000000763800000| Untracked |  0
| 1167|0x0000000763c00000, 0x0000000763c00000, 0x0000000764000000|  0%| F|  |TAMS 0x0000000763c00000| PB 0x0000000763c00000| Untracked |  0
| 1168|0x0000000764000000, 0x0000000764000000, 0x0000000764400000|  0%| F|  |TAMS 0x0000000764000000| PB 0x0000000764000000| Untracked |  0
| 1169|0x0000000764400000, 0x0000000764400000, 0x0000000764800000|  0%| F|  |TAMS 0x0000000764400000| PB 0x0000000764400000| Untracked |  0
| 1170|0x0000000764800000, 0x0000000764800000, 0x0000000764c00000|  0%| F|  |TAMS 0x0000000764800000| PB 0x0000000764800000| Untracked |  0
| 1171|0x0000000764c00000, 0x0000000764c00000, 0x0000000765000000|  0%| F|  |TAMS 0x0000000764c00000| PB 0x0000000764c00000| Untracked |  0
| 1172|0x0000000765000000, 0x0000000765000000, 0x0000000765400000|  0%| F|  |TAMS 0x0000000765000000| PB 0x0000000765000000| Untracked |  0
| 1173|0x0000000765400000, 0x0000000765400000, 0x0000000765800000|  0%| F|  |TAMS 0x0000000765400000| PB 0x0000000765400000| Untracked |  0
| 1174|0x0000000765800000, 0x0000000765800000, 0x0000000765c00000|  0%| F|  |TAMS 0x0000000765800000| PB 0x0000000765800000| Untracked |  0
| 1175|0x0000000765c00000, 0x0000000765c00000, 0x0000000766000000|  0%| F|  |TAMS 0x0000000765c00000| PB 0x0000000765c00000| Untracked |  0
| 1176|0x0000000766000000, 0x0000000766000000, 0x0000000766400000|  0%| F|  |TAMS 0x0000000766000000| PB 0x0000000766000000| Untracked |  0
| 1177|0x0000000766400000, 0x0000000766400000, 0x0000000766800000|  0%| F|  |TAMS 0x0000000766400000| PB 0x0000000766400000| Untracked |  0
| 1178|0x0000000766800000, 0x0000000766800000, 0x0000000766c00000|  0%| F|  |TAMS 0x0000000766800000| PB 0x0000000766800000| Untracked |  0
| 1179|0x0000000766c00000, 0x0000000766c00000, 0x0000000767000000|  0%| F|  |TAMS 0x0000000766c00000| PB 0x0000000766c00000| Untracked |  0
| 1180|0x0000000767000000, 0x0000000767000000, 0x0000000767400000|  0%| F|  |TAMS 0x0000000767000000| PB 0x0000000767000000| Untracked |  0
| 1181|0x0000000767400000, 0x0000000767400000, 0x0000000767800000|  0%| F|  |TAMS 0x0000000767400000| PB 0x0000000767400000| Untracked |  0
| 1182|0x0000000767800000, 0x0000000767800000, 0x0000000767c00000|  0%| F|  |TAMS 0x0000000767800000| PB 0x0000000767800000| Untracked |  0
| 1183|0x0000000767c00000, 0x0000000767c00000, 0x0000000768000000|  0%| F|  |TAMS 0x0000000767c00000| PB 0x0000000767c00000| Untracked |  0
| 1184|0x0000000768000000, 0x0000000768000000, 0x0000000768400000|  0%| F|  |TAMS 0x0000000768000000| PB 0x0000000768000000| Untracked |  0
| 1185|0x0000000768400000, 0x0000000768400000, 0x0000000768800000|  0%| F|  |TAMS 0x0000000768400000| PB 0x0000000768400000| Untracked |  0
| 1186|0x0000000768800000, 0x0000000768800000, 0x0000000768c00000|  0%| F|  |TAMS 0x0000000768800000| PB 0x0000000768800000| Untracked |  0
| 1187|0x0000000768c00000, 0x0000000768c00000, 0x0000000769000000|  0%| F|  |TAMS 0x0000000768c00000| PB 0x0000000768c00000| Untracked |  0
| 1188|0x0000000769000000, 0x0000000769000000, 0x0000000769400000|  0%| F|  |TAMS 0x0000000769000000| PB 0x0000000769000000| Untracked |  0
| 1189|0x0000000769400000, 0x0000000769400000, 0x0000000769800000|  0%| F|  |TAMS 0x0000000769400000| PB 0x0000000769400000| Untracked |  0
| 1190|0x0000000769800000, 0x0000000769800000, 0x0000000769c00000|  0%| F|  |TAMS 0x0000000769800000| PB 0x0000000769800000| Untracked |  0
| 1191|0x0000000769c00000, 0x0000000769c00000, 0x000000076a000000|  0%| F|  |TAMS 0x0000000769c00000| PB 0x0000000769c00000| Untracked |  0
| 1192|0x000000076a000000, 0x000000076a000000, 0x000000076a400000|  0%| F|  |TAMS 0x000000076a000000| PB 0x000000076a000000| Untracked |  0
| 1193|0x000000076a400000, 0x000000076a400000, 0x000000076a800000|  0%| F|  |TAMS 0x000000076a400000| PB 0x000000076a400000| Untracked |  0
| 1194|0x000000076a800000, 0x000000076a800000, 0x000000076ac00000|  0%| F|  |TAMS 0x000000076a800000| PB 0x000000076a800000| Untracked |  0
| 1195|0x000000076ac00000, 0x000000076ac00000, 0x000000076b000000|  0%| F|  |TAMS 0x000000076ac00000| PB 0x000000076ac00000| Untracked |  0
| 1196|0x000000076b000000, 0x000000076b000000, 0x000000076b400000|  0%| F|  |TAMS 0x000000076b000000| PB 0x000000076b000000| Untracked |  0
| 1197|0x000000076b400000, 0x000000076b400000, 0x000000076b800000|  0%| F|  |TAMS 0x000000076b400000| PB 0x000000076b400000| Untracked |  0
| 1198|0x000000076b800000, 0x000000076b800000, 0x000000076bc00000|  0%| F|  |TAMS 0x000000076b800000| PB 0x000000076b800000| Untracked |  0
| 1199|0x000000076bc00000, 0x000000076bc00000, 0x000000076c000000|  0%| F|  |TAMS 0x000000076bc00000| PB 0x000000076bc00000| Untracked |  0
| 1200|0x000000076c000000, 0x000000076c000000, 0x000000076c400000|  0%| F|  |TAMS 0x000000076c000000| PB 0x000000076c000000| Untracked |  0
| 1201|0x000000076c400000, 0x000000076c400000, 0x000000076c800000|  0%| F|  |TAMS 0x000000076c400000| PB 0x000000076c400000| Untracked |  0
| 1202|0x000000076c800000, 0x000000076c800000, 0x000000076cc00000|  0%| F|  |TAMS 0x000000076c800000| PB 0x000000076c800000| Untracked |  0
| 1203|0x000000076cc00000, 0x000000076cc00000, 0x000000076d000000|  0%| F|  |TAMS 0x000000076cc00000| PB 0x000000076cc00000| Untracked |  0
| 1204|0x000000076d000000, 0x000000076d000000, 0x000000076d400000|  0%| F|  |TAMS 0x000000076d000000| PB 0x000000076d000000| Untracked |  0
| 1205|0x000000076d400000, 0x000000076d400000, 0x000000076d800000|  0%| F|  |TAMS 0x000000076d400000| PB 0x000000076d400000| Untracked |  0
| 1206|0x000000076d800000, 0x000000076d800000, 0x000000076dc00000|  0%| F|  |TAMS 0x000000076d800000| PB 0x000000076d800000| Untracked |  0
| 1207|0x000000076dc00000, 0x000000076dc00000, 0x000000076e000000|  0%| F|  |TAMS 0x000000076dc00000| PB 0x000000076dc00000| Untracked |  0
| 1208|0x000000076e000000, 0x000000076e000000, 0x000000076e400000|  0%| F|  |TAMS 0x000000076e000000| PB 0x000000076e000000| Untracked |  0
| 1209|0x000000076e400000, 0x000000076e400000, 0x000000076e800000|  0%| F|  |TAMS 0x000000076e400000| PB 0x000000076e400000| Untracked |  0
| 1210|0x000000076e800000, 0x000000076e800000, 0x000000076ec00000|  0%| F|  |TAMS 0x000000076e800000| PB 0x000000076e800000| Untracked |  0
| 1211|0x000000076ec00000, 0x000000076ec00000, 0x000000076f000000|  0%| F|  |TAMS 0x000000076ec00000| PB 0x000000076ec00000| Untracked |  0
| 1212|0x000000076f000000, 0x000000076f000000, 0x000000076f400000|  0%| F|  |TAMS 0x000000076f000000| PB 0x000000076f000000| Untracked |  0
| 1213|0x000000076f400000, 0x000000076f400000, 0x000000076f800000|  0%| F|  |TAMS 0x000000076f400000| PB 0x000000076f400000| Untracked |  0
| 1214|0x000000076f800000, 0x000000076f800000, 0x000000076fc00000|  0%| F|  |TAMS 0x000000076f800000| PB 0x000000076f800000| Untracked |  0
| 1215|0x000000076fc00000, 0x000000076fc00000, 0x0000000770000000|  0%| F|  |TAMS 0x000000076fc00000| PB 0x000000076fc00000| Untracked |  0
| 1216|0x0000000770000000, 0x0000000770000000, 0x0000000770400000|  0%| F|  |TAMS 0x0000000770000000| PB 0x0000000770000000| Untracked |  0
| 1217|0x0000000770400000, 0x0000000770400000, 0x0000000770800000|  0%| F|  |TAMS 0x0000000770400000| PB 0x0000000770400000| Untracked |  0
| 1218|0x0000000770800000, 0x0000000770800000, 0x0000000770c00000|  0%| F|  |TAMS 0x0000000770800000| PB 0x0000000770800000| Untracked |  0
| 1219|0x0000000770c00000, 0x0000000770c00000, 0x0000000771000000|  0%| F|  |TAMS 0x0000000770c00000| PB 0x0000000770c00000| Untracked |  0
| 1220|0x0000000771000000, 0x0000000771000000, 0x0000000771400000|  0%| F|  |TAMS 0x0000000771000000| PB 0x0000000771000000| Untracked |  0
| 1221|0x0000000771400000, 0x0000000771400000, 0x0000000771800000|  0%| F|  |TAMS 0x0000000771400000| PB 0x0000000771400000| Untracked |  0
| 1222|0x0000000771800000, 0x0000000771800000, 0x0000000771c00000|  0%| F|  |TAMS 0x0000000771800000| PB 0x0000000771800000| Untracked |  0
| 1223|0x0000000771c00000, 0x0000000771c00000, 0x0000000772000000|  0%| F|  |TAMS 0x0000000771c00000| PB 0x0000000771c00000| Untracked |  0
| 1224|0x0000000772000000, 0x0000000772000000, 0x0000000772400000|  0%| F|  |TAMS 0x0000000772000000| PB 0x0000000772000000| Untracked |  0
| 1225|0x0000000772400000, 0x0000000772400000, 0x0000000772800000|  0%| F|  |TAMS 0x0000000772400000| PB 0x0000000772400000| Untracked |  0
| 1226|0x0000000772800000, 0x0000000772800000, 0x0000000772c00000|  0%| F|  |TAMS 0x0000000772800000| PB 0x0000000772800000| Untracked |  0
| 1227|0x0000000772c00000, 0x0000000772c00000, 0x0000000773000000|  0%| F|  |TAMS 0x0000000772c00000| PB 0x0000000772c00000| Untracked |  0
| 1228|0x0000000773000000, 0x0000000773000000, 0x0000000773400000|  0%| F|  |TAMS 0x0000000773000000| PB 0x0000000773000000| Untracked |  0
| 1229|0x0000000773400000, 0x0000000773400000, 0x0000000773800000|  0%| F|  |TAMS 0x0000000773400000| PB 0x0000000773400000| Untracked |  0
| 1230|0x0000000773800000, 0x0000000773800000, 0x0000000773c00000|  0%| F|  |TAMS 0x0000000773800000| PB 0x0000000773800000| Untracked |  0
| 1231|0x0000000773c00000, 0x0000000773c00000, 0x0000000774000000|  0%| F|  |TAMS 0x0000000773c00000| PB 0x0000000773c00000| Untracked |  0
| 1232|0x0000000774000000, 0x0000000774000000, 0x0000000774400000|  0%| F|  |TAMS 0x0000000774000000| PB 0x0000000774000000| Untracked |  0
| 1233|0x0000000774400000, 0x0000000774400000, 0x0000000774800000|  0%| F|  |TAMS 0x0000000774400000| PB 0x0000000774400000| Untracked |  0
| 1234|0x0000000774800000, 0x0000000774800000, 0x0000000774c00000|  0%| F|  |TAMS 0x0000000774800000| PB 0x0000000774800000| Untracked |  0
| 1235|0x0000000774c00000, 0x0000000774c00000, 0x0000000775000000|  0%| F|  |TAMS 0x0000000774c00000| PB 0x0000000774c00000| Untracked |  0
| 1236|0x0000000775000000, 0x0000000775000000, 0x0000000775400000|  0%| F|  |TAMS 0x0000000775000000| PB 0x0000000775000000| Untracked |  0
| 1237|0x0000000775400000, 0x0000000775400000, 0x0000000775800000|  0%| F|  |TAMS 0x0000000775400000| PB 0x0000000775400000| Untracked |  0
| 1238|0x0000000775800000, 0x0000000775800000, 0x0000000775c00000|  0%| F|  |TAMS 0x0000000775800000| PB 0x0000000775800000| Untracked |  0
| 1239|0x0000000775c00000, 0x0000000775c00000, 0x0000000776000000|  0%| F|  |TAMS 0x0000000775c00000| PB 0x0000000775c00000| Untracked |  0
| 1240|0x0000000776000000, 0x0000000776000000, 0x0000000776400000|  0%| F|  |TAMS 0x0000000776000000| PB 0x0000000776000000| Untracked |  0
| 1241|0x0000000776400000, 0x0000000776400000, 0x0000000776800000|  0%| F|  |TAMS 0x0000000776400000| PB 0x0000000776400000| Untracked |  0
| 1242|0x0000000776800000, 0x0000000776800000, 0x0000000776c00000|  0%| F|  |TAMS 0x0000000776800000| PB 0x0000000776800000| Untracked |  0
| 1243|0x0000000776c00000, 0x0000000776c00000, 0x0000000777000000|  0%| F|  |TAMS 0x0000000776c00000| PB 0x0000000776c00000| Untracked |  0
| 1244|0x0000000777000000, 0x0000000777000000, 0x0000000777400000|  0%| F|  |TAMS 0x0000000777000000| PB 0x0000000777000000| Untracked |  0
| 1245|0x0000000777400000, 0x0000000777400000, 0x0000000777800000|  0%| F|  |TAMS 0x0000000777400000| PB 0x0000000777400000| Untracked |  0
| 1246|0x0000000777800000, 0x0000000777800000, 0x0000000777c00000|  0%| F|  |TAMS 0x0000000777800000| PB 0x0000000777800000| Untracked |  0
| 1247|0x0000000777c00000, 0x0000000777c00000, 0x0000000778000000|  0%| F|  |TAMS 0x0000000777c00000| PB 0x0000000777c00000| Untracked |  0
| 1248|0x0000000778000000, 0x0000000778000000, 0x0000000778400000|  0%| F|  |TAMS 0x0000000778000000| PB 0x0000000778000000| Untracked |  0
| 1249|0x0000000778400000, 0x0000000778400000, 0x0000000778800000|  0%| F|  |TAMS 0x0000000778400000| PB 0x0000000778400000| Untracked |  0
| 1250|0x0000000778800000, 0x0000000778800000, 0x0000000778c00000|  0%| F|  |TAMS 0x0000000778800000| PB 0x0000000778800000| Untracked |  0
| 1251|0x0000000778c00000, 0x0000000778c00000, 0x0000000779000000|  0%| F|  |TAMS 0x0000000778c00000| PB 0x0000000778c00000| Untracked |  0
| 1252|0x0000000779000000, 0x0000000779000000, 0x0000000779400000|  0%| F|  |TAMS 0x0000000779000000| PB 0x0000000779000000| Untracked |  0
| 1253|0x0000000779400000, 0x0000000779400000, 0x0000000779800000|  0%| F|  |TAMS 0x0000000779400000| PB 0x0000000779400000| Untracked |  0
| 1254|0x0000000779800000, 0x0000000779800000, 0x0000000779c00000|  0%| F|  |TAMS 0x0000000779800000| PB 0x0000000779800000| Untracked |  0
| 1255|0x0000000779c00000, 0x0000000779c00000, 0x000000077a000000|  0%| F|  |TAMS 0x0000000779c00000| PB 0x0000000779c00000| Untracked |  0
| 1256|0x000000077a000000, 0x000000077a000000, 0x000000077a400000|  0%| F|  |TAMS 0x000000077a000000| PB 0x000000077a000000| Untracked |  0
| 1257|0x000000077a400000, 0x000000077a400000, 0x000000077a800000|  0%| F|  |TAMS 0x000000077a400000| PB 0x000000077a400000| Untracked |  0
| 1258|0x000000077a800000, 0x000000077a800000, 0x000000077ac00000|  0%| F|  |TAMS 0x000000077a800000| PB 0x000000077a800000| Untracked |  0
| 1259|0x000000077ac00000, 0x000000077ac00000, 0x000000077b000000|  0%| F|  |TAMS 0x000000077ac00000| PB 0x000000077ac00000| Untracked |  0
| 1260|0x000000077b000000, 0x000000077b000000, 0x000000077b400000|  0%| F|  |TAMS 0x000000077b000000| PB 0x000000077b000000| Untracked |  0
| 1261|0x000000077b400000, 0x000000077b400000, 0x000000077b800000|  0%| F|  |TAMS 0x000000077b400000| PB 0x000000077b400000| Untracked |  0
| 1262|0x000000077b800000, 0x000000077b800000, 0x000000077bc00000|  0%| F|  |TAMS 0x000000077b800000| PB 0x000000077b800000| Untracked |  0
| 1263|0x000000077bc00000, 0x000000077bc00000, 0x000000077c000000|  0%| F|  |TAMS 0x000000077bc00000| PB 0x000000077bc00000| Untracked |  0
| 1264|0x000000077c000000, 0x000000077c000000, 0x000000077c400000|  0%| F|  |TAMS 0x000000077c000000| PB 0x000000077c000000| Untracked |  0
| 1265|0x000000077c400000, 0x000000077c400000, 0x000000077c800000|  0%| F|  |TAMS 0x000000077c400000| PB 0x000000077c400000| Untracked |  0
| 1266|0x000000077c800000, 0x000000077c800000, 0x000000077cc00000|  0%| F|  |TAMS 0x000000077c800000| PB 0x000000077c800000| Untracked |  0
| 1267|0x000000077cc00000, 0x000000077cc00000, 0x000000077d000000|  0%| F|  |TAMS 0x000000077cc00000| PB 0x000000077cc00000| Untracked |  0
| 1268|0x000000077d000000, 0x000000077d2e3fe0, 0x000000077d400000| 72%| S|CS|TAMS 0x000000077d000000| PB 0x000000077d000000| Complete  |  0
| 1269|0x000000077d400000, 0x000000077d800000, 0x000000077d800000|100%| S|CS|TAMS 0x000000077d400000| PB 0x000000077d400000| Complete  |  0
| 1270|0x000000077d800000, 0x000000077dc00000, 0x000000077dc00000|100%| S|CS|TAMS 0x000000077d800000| PB 0x000000077d800000| Complete  |  0
| 1271|0x000000077dc00000, 0x000000077e000000, 0x000000077e000000|100%| S|CS|TAMS 0x000000077dc00000| PB 0x000000077dc00000| Complete  |  0
| 1272|0x000000077e000000, 0x000000077e400000, 0x000000077e400000|100%| S|CS|TAMS 0x000000077e000000| PB 0x000000077e000000| Complete  |  0
| 1273|0x000000077e400000, 0x000000077e800000, 0x000000077e800000|100%| S|CS|TAMS 0x000000077e400000| PB 0x000000077e400000| Complete  |  0
| 1274|0x000000077e800000, 0x000000077ec00000, 0x000000077ec00000|100%| S|CS|TAMS 0x000000077e800000| PB 0x000000077e800000| Complete  |  0
| 1275|0x000000077ec00000, 0x000000077f000000, 0x000000077f000000|100%| S|CS|TAMS 0x000000077ec00000| PB 0x000000077ec00000| Complete  |  0
| 1276|0x000000077f000000, 0x000000077f400000, 0x000000077f400000|100%| S|CS|TAMS 0x000000077f000000| PB 0x000000077f000000| Complete  |  0
| 1277|0x000000077f400000, 0x000000077f800000, 0x000000077f800000|100%| S|CS|TAMS 0x000000077f400000| PB 0x000000077f400000| Complete  |  0
| 1278|0x000000077f800000, 0x000000077fc00000, 0x000000077fc00000|100%| S|CS|TAMS 0x000000077f800000| PB 0x000000077f800000| Complete  |  0
| 1279|0x000000077fc00000, 0x0000000780000000, 0x0000000780000000|100%| S|CS|TAMS 0x000000077fc00000| PB 0x000000077fc00000| Complete  |  0
| 1280|0x0000000780000000, 0x0000000780400000, 0x0000000780400000|100%| S|CS|TAMS 0x0000000780000000| PB 0x0000000780000000| Complete  |  0
| 1281|0x0000000780400000, 0x0000000780800000, 0x0000000780800000|100%| S|CS|TAMS 0x0000000780400000| PB 0x0000000780400000| Complete  |  0
| 1282|0x0000000780800000, 0x0000000780c00000, 0x0000000780c00000|100%| S|CS|TAMS 0x0000000780800000| PB 0x0000000780800000| Complete  |  0
| 1283|0x0000000780c00000, 0x0000000781000000, 0x0000000781000000|100%| S|CS|TAMS 0x0000000780c00000| PB 0x0000000780c00000| Complete  |  0
| 1284|0x0000000781000000, 0x0000000781400000, 0x0000000781400000|100%| S|CS|TAMS 0x0000000781000000| PB 0x0000000781000000| Complete  |  0
| 1285|0x0000000781400000, 0x0000000781800000, 0x0000000781800000|100%| S|CS|TAMS 0x0000000781400000| PB 0x0000000781400000| Complete  |  0
| 1286|0x0000000781800000, 0x0000000781c00000, 0x0000000781c00000|100%| S|CS|TAMS 0x0000000781800000| PB 0x0000000781800000| Complete  |  0
| 1287|0x0000000781c00000, 0x0000000782000000, 0x0000000782000000|100%| S|CS|TAMS 0x0000000781c00000| PB 0x0000000781c00000| Complete  |  0
| 1288|0x0000000782000000, 0x0000000782400000, 0x0000000782400000|100%| S|CS|TAMS 0x0000000782000000| PB 0x0000000782000000| Complete  |  0
| 1289|0x0000000782400000, 0x0000000782800000, 0x0000000782800000|100%| S|CS|TAMS 0x0000000782400000| PB 0x0000000782400000| Complete  |  0
| 1290|0x0000000782800000, 0x0000000782c00000, 0x0000000782c00000|100%| S|CS|TAMS 0x0000000782800000| PB 0x0000000782800000| Complete  |  0
| 1291|0x0000000782c00000, 0x0000000783000000, 0x0000000783000000|100%| S|CS|TAMS 0x0000000782c00000| PB 0x0000000782c00000| Complete  |  0
| 1292|0x0000000783000000, 0x0000000783400000, 0x0000000783400000|100%| S|CS|TAMS 0x0000000783000000| PB 0x0000000783000000| Complete  |  0
| 1293|0x0000000783400000, 0x0000000783800000, 0x0000000783800000|100%| S|CS|TAMS 0x0000000783400000| PB 0x0000000783400000| Complete  |  0
| 1294|0x0000000783800000, 0x0000000783800000, 0x0000000783c00000|  0%| F|  |TAMS 0x0000000783800000| PB 0x0000000783800000| Untracked |  0
| 1295|0x0000000783c00000, 0x0000000783c00000, 0x0000000784000000|  0%| F|  |TAMS 0x0000000783c00000| PB 0x0000000783c00000| Untracked |  0
| 1296|0x0000000784000000, 0x0000000784000000, 0x0000000784400000|  0%| F|  |TAMS 0x0000000784000000| PB 0x0000000784000000| Untracked |  0
| 1297|0x0000000784400000, 0x0000000784400000, 0x0000000784800000|  0%| F|  |TAMS 0x0000000784400000| PB 0x0000000784400000| Untracked |  0
| 1298|0x0000000784800000, 0x0000000784800000, 0x0000000784c00000|  0%| F|  |TAMS 0x0000000784800000| PB 0x0000000784800000| Untracked |  0
| 1299|0x0000000784c00000, 0x0000000784c00000, 0x0000000785000000|  0%| F|  |TAMS 0x0000000784c00000| PB 0x0000000784c00000| Untracked |  0
| 1300|0x0000000785000000, 0x0000000785000000, 0x0000000785400000|  0%| F|  |TAMS 0x0000000785000000| PB 0x0000000785000000| Untracked |  0
| 1301|0x0000000785400000, 0x0000000785400000, 0x0000000785800000|  0%| F|  |TAMS 0x0000000785400000| PB 0x0000000785400000| Untracked |  0
| 1302|0x0000000785800000, 0x0000000785c00000, 0x0000000785c00000|100%| E|CS|TAMS 0x0000000785800000| PB 0x0000000785800000| Complete  |  0
| 1303|0x0000000785c00000, 0x0000000786000000, 0x0000000786000000|100%| E|CS|TAMS 0x0000000785c00000| PB 0x0000000785c00000| Complete  |  0
| 1304|0x0000000786000000, 0x0000000786400000, 0x0000000786400000|100%| E|CS|TAMS 0x0000000786000000| PB 0x0000000786000000| Complete  |  0
| 1305|0x0000000786400000, 0x0000000786800000, 0x0000000786800000|100%| E|CS|TAMS 0x0000000786400000| PB 0x0000000786400000| Complete  |  0
| 1306|0x0000000786800000, 0x0000000786c00000, 0x0000000786c00000|100%| E|CS|TAMS 0x0000000786800000| PB 0x0000000786800000| Complete  |  0
| 1307|0x0000000786c00000, 0x0000000787000000, 0x0000000787000000|100%| E|CS|TAMS 0x0000000786c00000| PB 0x0000000786c00000| Complete  |  0
| 1308|0x0000000787000000, 0x0000000787400000, 0x0000000787400000|100%| E|CS|TAMS 0x0000000787000000| PB 0x0000000787000000| Complete  |  0
| 1309|0x0000000787400000, 0x0000000787800000, 0x0000000787800000|100%| E|CS|TAMS 0x0000000787400000| PB 0x0000000787400000| Complete  |  0
| 1310|0x0000000787800000, 0x0000000787c00000, 0x0000000787c00000|100%| E|CS|TAMS 0x0000000787800000| PB 0x0000000787800000| Complete  |  0
| 1311|0x0000000787c00000, 0x0000000788000000, 0x0000000788000000|100%| E|CS|TAMS 0x0000000787c00000| PB 0x0000000787c00000| Complete  |  0
| 1312|0x0000000788000000, 0x0000000788400000, 0x0000000788400000|100%| E|CS|TAMS 0x0000000788000000| PB 0x0000000788000000| Complete  |  0
| 1313|0x0000000788400000, 0x0000000788800000, 0x0000000788800000|100%| E|CS|TAMS 0x0000000788400000| PB 0x0000000788400000| Complete  |  0
| 1314|0x0000000788800000, 0x0000000788c00000, 0x0000000788c00000|100%| E|CS|TAMS 0x0000000788800000| PB 0x0000000788800000| Complete  |  0
| 1315|0x0000000788c00000, 0x0000000789000000, 0x0000000789000000|100%| E|CS|TAMS 0x0000000788c00000| PB 0x0000000788c00000| Complete  |  0
| 1316|0x0000000789000000, 0x0000000789400000, 0x0000000789400000|100%| E|CS|TAMS 0x0000000789000000| PB 0x0000000789000000| Complete  |  0
| 1317|0x0000000789400000, 0x0000000789800000, 0x0000000789800000|100%| E|CS|TAMS 0x0000000789400000| PB 0x0000000789400000| Complete  |  0
| 1318|0x0000000789800000, 0x0000000789c00000, 0x0000000789c00000|100%| E|CS|TAMS 0x0000000789800000| PB 0x0000000789800000| Complete  |  0
| 1319|0x0000000789c00000, 0x000000078a000000, 0x000000078a000000|100%| E|CS|TAMS 0x0000000789c00000| PB 0x0000000789c00000| Complete  |  0
| 1320|0x000000078a000000, 0x000000078a400000, 0x000000078a400000|100%| E|CS|TAMS 0x000000078a000000| PB 0x000000078a000000| Complete  |  0
| 1321|0x000000078a400000, 0x000000078a800000, 0x000000078a800000|100%| E|CS|TAMS 0x000000078a400000| PB 0x000000078a400000| Complete  |  0
| 1322|0x000000078a800000, 0x000000078ac00000, 0x000000078ac00000|100%| E|CS|TAMS 0x000000078a800000| PB 0x000000078a800000| Complete  |  0
| 1323|0x000000078ac00000, 0x000000078b000000, 0x000000078b000000|100%| E|CS|TAMS 0x000000078ac00000| PB 0x000000078ac00000| Complete  |  0
| 1324|0x000000078b000000, 0x000000078b400000, 0x000000078b400000|100%| E|CS|TAMS 0x000000078b000000| PB 0x000000078b000000| Complete  |  0
| 1325|0x000000078b400000, 0x000000078b800000, 0x000000078b800000|100%| E|CS|TAMS 0x000000078b400000| PB 0x000000078b400000| Complete  |  0
| 1326|0x000000078b800000, 0x000000078bc00000, 0x000000078bc00000|100%| E|CS|TAMS 0x000000078b800000| PB 0x000000078b800000| Complete  |  0
| 1327|0x000000078bc00000, 0x000000078c000000, 0x000000078c000000|100%| E|CS|TAMS 0x000000078bc00000| PB 0x000000078bc00000| Complete  |  0
| 1328|0x000000078c000000, 0x000000078c400000, 0x000000078c400000|100%| E|CS|TAMS 0x000000078c000000| PB 0x000000078c000000| Complete  |  0
| 1329|0x000000078c400000, 0x000000078c800000, 0x000000078c800000|100%| E|CS|TAMS 0x000000078c400000| PB 0x000000078c400000| Complete  |  0
| 1330|0x000000078c800000, 0x000000078cc00000, 0x000000078cc00000|100%| E|CS|TAMS 0x000000078c800000| PB 0x000000078c800000| Complete  |  0
| 1791|0x00000007ffc00000, 0x0000000800000000, 0x0000000800000000|100%| E|CS|TAMS 0x00000007ffc00000| PB 0x00000007ffc00000| Complete  |  0

Card table byte_map: [0x00007ff966400000,0x00007ff967200000] _byte_map_base: 0x00007ff963200000
Refinement table byte_map: [0x00007ff967200000,0x00007ff968000000] _byte_map_base: 0x00007ff964000000

Marking Bits: (CMBitMap*) 0x00007ff98004b030
 Bits: [0x00007ff95f400000, 0x00007ff966400000)

Polling page: 0x00007ff987cc1000

Metaspace:
Metaspace        used 108702K, committed 109632K, reserved 1179648K
 class space     used 29220K, committed 29568K, reserved 1048576K

Usage:
  Non-class:     77.62 MB used.
      Class:     28.54 MB used.
       Both:    106.15 MB used.

Virtual space:
  Non-class space:      128.00 MB reserved,      78.19 MB ( 61%) committed,  2 nodes.
      Class space:        1.00 GB reserved,      28.88 MB (  3%) committed,  1 nodes.
             Both:        1.12 GB reserved,     107.06 MB (  9%) committed. 

Chunk freelists:
   Non-Class:  1.61 MB
       Class:  3.14 MB
        Both:  4.75 MB

MaxMetaspaceSize: unlimited
CompressedClassSpaceSize: 1.00 GB
Initial GC threshold: 21.00 MB
Current GC threshold: 173.88 MB
CDS: on
 - commit_granule_bytes: 65536.
 - commit_granule_words: 8192.
 - virtual_space_node_default_size: 8388608.
 - enlarge_chunks_in_place: 1.
UseCompactObjectHeaders 1
Narrow klass pointer bits 22, Max shift 10
Narrow klass base: 0x0000000088000000, Narrow klass shift: 10
Encoding Range: [0x0000000088000000 - 0x0000000188000000), (4294967296 bytes)
Klass Range:    [0x0000000088000000 - 0x00000000c9000000), (1090519040 bytes)
Klass ID Range:  [1 - 1064960) (1064959)
Protection zone: [0x0000000088000000 - 0x0000000088001000), (4096 bytes)


Internal statistics:

num_allocs_failed_limit: 36.
num_arena_births: 1202.
num_arena_deaths: 2.
num_vsnodes_births: 3.
num_vsnodes_deaths: 0.
num_space_committed: 1709.
num_space_uncommitted: 0.
num_chunks_returned_to_freelist: 43.
num_chunks_taken_from_freelist: 5529.
num_chunk_merges: 33.
num_chunk_splits: 3617.
num_chunks_enlarged: 2797.
num_inconsistent_stats: 0.

CodeHeap 'non-profiled nmethods': size=119168Kb used=9393Kb max_used=9393Kb free=109774Kb
 bounds [0x00007ff96fda0000, 0x00007ff9706d0000, 0x00007ff977200000]
 blobs=5262, nmethods=5262, adapters=0, full_count=0
CodeHeap 'profiled nmethods': size=119168Kb used=19622Kb max_used=19622Kb free=99545Kb
 bounds [0x00007ff9681ff000, 0x00007ff96952f000, 0x00007ff96f65f000]
 blobs=9814, nmethods=9814, adapters=0, full_count=0
CodeHeap 'non-nmethods': size=7428Kb used=2396Kb max_used=4213Kb free=5031Kb
 bounds [0x00007ff96f65f000, 0x00007ff96fa9f000, 0x00007ff96fda0000]
 blobs=1309, nmethods=0, adapters=1213, full_count=0
CodeCache: size=245764Kb, used=31411Kb, max_used=33228Kb, free=214350Kb
 total blobs=16385, nmethods=15076, adapters=1213, full_count=0
Compilation: enabled, stopped_count=0, restarted_count=0

Compilation events (20 events):
Event: 61.802 Thread 0x00007ff980146a60 17367       3       net.minecraft.class_3616::method_15792 (251 bytes)
Event: 61.803 Thread 0x00007ff980146a60 nmethod 17367 0x00007ff969523b88 code [0x00007ff969523c80, 0x00007ff969526cb0]
Event: 61.803 Thread 0x00007ff980146a60 17368       3       net.minecraft.class_3218::method_67506 (13 bytes)
Event: 61.803 Thread 0x00007ff980146a60 nmethod 17368 0x00007ff969526d08 code [0x00007ff969526e00, 0x00007ff9695275b8]
Event: 61.803 Thread 0x00007ff980146a60 17369       3       net.minecraft.class_3218::method_67504 (12 bytes)
Event: 61.803 Thread 0x00007ff980146a60 nmethod 17369 0x00007ff969527608 code [0x00007ff969527700, 0x00007ff969527b78]
Event: 61.803 Thread 0x00007ff980146a60 17370       3       net.minecraft.class_3898::method_38783 (31 bytes)
Event: 61.803 Thread 0x00007ff980146a60 nmethod 17370 0x00007ff969527b88 code [0x00007ff969527c80, 0x00007ff969528058]
Event: 62.302 Thread 0x00007ff980145150 17371       4       net.minecraft.class_10592::method_66375 (95 bytes)
Event: 62.305 Thread 0x00007ff980145150 nmethod 17371 0x00007ff9706cb108 code [0x00007ff9706cb200, 0x00007ff9706cb590]
Event: 62.541 Thread 0x00007ff980146a60 17372       3       java.util.concurrent.locks.ReentrantLock$Sync::isHeldExclusively (16 bytes)
Event: 62.541 Thread 0x00007ff980146a60 nmethod 17372 0x00007ff969528088 code [0x00007ff969528180, 0x00007ff969528350]
Event: 63.452 Thread 0x00007ff980146a60 17373       3       java.math.BigDecimal::checkScale (62 bytes)
Event: 63.452 Thread 0x00007ff980146a60 nmethod 17373 0x00007ff969528388 code [0x00007ff969528480, 0x00007ff969528710]
Event: 64.202 Thread 0x00007ff980145150 17374       4       net.minecraft.class_2500::method_10614 (89 bytes)
Event: 64.208 Thread 0x00007ff980145150 nmethod 17374 0x00007ff9706cb608 code [0x00007ff9706cb700, 0x00007ff9706cc1a8]
Event: 64.541 Thread 0x00007ff980146a60 17375       3       java.util.concurrent.ScheduledThreadPoolExecutor$DelayedWorkQueue::setIndex (16 bytes)
Event: 64.541 Thread 0x00007ff980146a60 nmethod 17375 0x00007ff969528788 code [0x00007ff969528880, 0x00007ff969528ae8]
Event: 65.541 Thread 0x00007ff980145150 17376       4       java.math.BigDecimal::add (107 bytes)
Event: 65.542 Thread 0x00007ff980145150 nmethod 17376 0x00007ff9706cc208 code [0x00007ff9706cc300, 0x00007ff9706cc600]

GC Heap Usage History (20 events):
Event: 0.929 {heap Before GC invocations=1 (full 0):
 garbage-first heap   total reserved 7340032K, committed 4198400K, used 215691K [0x0000000640000000, 0x0000000800000000)
  region size 4M, 41 eden (164M), 7 survivor (28M), 7 old (28M), 0 humongous (0M), 970 free (3880M)
}
Event: 0.936 {heap After GC invocations=2 (full 0):
 garbage-first heap   total reserved 7340032K, committed 4198400K, used 69703K [0x0000000640000000, 0x0000000800000000)
  region size 4M, 0 eden (0M), 4 survivor (16M), 14 old (56M), 0 humongous (0M), 1007 free (4028M)
}
Event: 3.050 {heap Before GC invocations=3 (full 0):
 garbage-first heap   total reserved 7340032K, committed 4198400K, used 303175K [0x0000000640000000, 0x0000000800000000)
  region size 4M, 55 eden (220M), 4 survivor (16M), 14 old (56M), 3 humongous (12M), 949 free (3796M)
}
Event: 3.055 {heap After GC invocations=4 (full 0):
 garbage-first heap   total reserved 7340032K, committed 4198400K, used 89844K [0x0000000640000000, 0x0000000800000000)
  region size 4M, 0 eden (0M), 6 survivor (24M), 14 old (56M), 3 humongous (12M), 1002 free (4008M)
}
Event: 3.056 {heap Before GC invocations=4 (full 0):
 garbage-first heap   total reserved 7340032K, committed 4198400K, used 89844K [0x0000000640000000, 0x0000000800000000)
  region size 4M, 1 eden (4M), 6 survivor (24M), 14 old (56M), 3 humongous (12M), 1001 free (4004M)
}
Event: 3.060 {heap After GC invocations=5 (full 0):
 garbage-first heap   total reserved 7340032K, committed 4198400K, used 90644K [0x0000000640000000, 0x0000000800000000)
  region size 4M, 0 eden (0M), 6 survivor (24M), 14 old (56M), 3 humongous (12M), 1002 free (4008M)
}
Event: 3.069 {heap Before GC invocations=5 (full 0):
 garbage-first heap   total reserved 7340032K, committed 4198400K, used 90644K [0x0000000640000000, 0x0000000800000000)
  region size 4M, 1 eden (4M), 6 survivor (24M), 14 old (56M), 3 humongous (12M), 1001 free (4004M)
}
Event: 3.071 {heap After GC invocations=6 (full 0):
 garbage-first heap   total reserved 7340032K, committed 4198400K, used 90179K [0x0000000640000000, 0x0000000800000000)
  region size 4M, 0 eden (0M), 6 survivor (24M), 14 old (56M), 3 humongous (12M), 1002 free (4008M)
}
Event: 4.288 {heap Before GC invocations=7 (full 0):
 garbage-first heap   total reserved 7340032K, committed 4198400K, used 655427K [0x0000000640000000, 0x0000000800000000)
  region size 4M, 139 eden (556M), 6 survivor (24M), 14 old (56M), 3 humongous (12M), 863 free (3452M)
}
Event: 4.300 {heap After GC invocations=8 (full 0):
 garbage-first heap   total reserved 7340032K, committed 4198400K, used 118199K [0x0000000640000000, 0x0000000800000000)
  region size 4M, 0 eden (0M), 13 survivor (52M), 14 old (56M), 3 humongous (12M), 995 free (3980M)
}
Event: 4.310 {heap Before GC invocations=8 (full 0):
 garbage-first heap   total reserved 7340032K, committed 4198400K, used 122295K [0x0000000640000000, 0x0000000800000000)
  region size 4M, 2 eden (8M), 13 survivor (52M), 14 old (56M), 3 humongous (12M), 993 free (3972M)
}
Event: 4.319 {heap After GC invocations=9 (full 0):
 garbage-first heap   total reserved 7340032K, committed 4198400K, used 116772K [0x0000000640000000, 0x0000000800000000)
  region size 4M, 0 eden (0M), 13 survivor (52M), 13 old (52M), 3 humongous (12M), 996 free (3984M)
}
Event: 4.332 {heap Before GC invocations=9 (full 0):
 garbage-first heap   total reserved 7340032K, committed 4198400K, used 120868K [0x0000000640000000, 0x0000000800000000)
  region size 4M, 2 eden (8M), 13 survivor (52M), 13 old (52M), 3 humongous (12M), 994 free (3976M)
}
Event: 4.340 {heap After GC invocations=10 (full 0):
 garbage-first heap   total reserved 7340032K, committed 4198400K, used 118705K [0x0000000640000000, 0x0000000800000000)
  region size 4M, 0 eden (0M), 14 survivor (56M), 13 old (52M), 3 humongous (12M), 995 free (3980M)
}
Event: 6.185 {heap Before GC invocations=11 (full 0):
 garbage-first heap   total reserved 7340032K, committed 4198400K, used 1134513K [0x0000000640000000, 0x0000000800000000)
  region size 4M, 249 eden (996M), 14 survivor (56M), 13 old (52M), 3 humongous (12M), 746 free (2984M)
}
Event: 6.207 {heap After GC invocations=12 (full 0):
 garbage-first heap   total reserved 7340032K, committed 5455872K, used 162743K [0x0000000640000000, 0x0000000800000000)
  region size 4M, 0 eden (0M), 24 survivor (96M), 13 old (52M), 3 humongous (12M), 1292 free (5168M)
}
Event: 6.215 {heap Before GC invocations=12 (full 0):
 garbage-first heap   total reserved 7340032K, committed 5455872K, used 195511K [0x0000000640000000, 0x0000000800000000)
  region size 4M, 10 eden (40M), 24 survivor (96M), 13 old (52M), 3 humongous (12M), 1282 free (5128M)
}
Event: 6.235 {heap After GC invocations=13 (full 0):
 garbage-first heap   total reserved 7340032K, committed 5455872K, used 169083K [0x0000000640000000, 0x0000000800000000)
  region size 4M, 0 eden (0M), 26 survivor (104M), 13 old (52M), 3 humongous (12M), 1290 free (5160M)
}
Event: 6.241 {heap Before GC invocations=13 (full 0):
 garbage-first heap   total reserved 7340032K, committed 5455872K, used 210043K [0x0000000640000000, 0x0000000800000000)
  region size 4M, 12 eden (48M), 26 survivor (104M), 13 old (52M), 3 humongous (12M), 1278 free (5112M)
}
Event: 6.262 {heap After GC invocations=14 (full 0):
 garbage-first heap   total reserved 7340032K, committed 5455872K, used 168562K [0x0000000640000000, 0x0000000800000000)
  region size 4M, 0 eden (0M), 26 survivor (104M), 13 old (52M), 3 humongous (12M), 1290 free (5160M)
}

Metaspace Usage History (20 events):
Event: 0.929 {metaspace Before GC invocations=1 (full 0):
 Metaspace       used 21231K, committed 21504K, reserved 1114112K
  class space    used 4138K, committed 4288K, reserved 1048576K
}
Event: 0.936 {metaspace After GC invocations=2 (full 0):
 Metaspace       used 21231K, committed 21504K, reserved 1114112K
  class space    used 4138K, committed 4288K, reserved 1048576K
}
Event: 3.050 {metaspace Before GC invocations=3 (full 0):
 Metaspace       used 36016K, committed 36480K, reserved 1114112K
  class space    used 7270K, committed 7488K, reserved 1048576K
}
Event: 3.055 {metaspace After GC invocations=4 (full 0):
 Metaspace       used 36016K, committed 36480K, reserved 1114112K
  class space    used 7270K, committed 7488K, reserved 1048576K
}
Event: 3.056 {metaspace Before GC invocations=4 (full 0):
 Metaspace       used 36337K, committed 36800K, reserved 1114112K
  class space    used 7270K, committed 7488K, reserved 1048576K
}
Event: 3.060 {metaspace After GC invocations=5 (full 0):
 Metaspace       used 36337K, committed 36800K, reserved 1114112K
  class space    used 7270K, committed 7488K, reserved 1048576K
}
Event: 3.069 {metaspace Before GC invocations=5 (full 0):
 Metaspace       used 36674K, committed 37120K, reserved 1114112K
  class space    used 7287K, committed 7488K, reserved 1048576K
}
Event: 3.071 {metaspace After GC invocations=6 (full 0):
 Metaspace       used 36674K, committed 37120K, reserved 1114112K
  class space    used 7287K, committed 7488K, reserved 1048576K
}
Event: 4.288 {metaspace Before GC invocations=7 (full 0):
 Metaspace       used 62148K, committed 62656K, reserved 1114112K
  class space    used 15954K, committed 16128K, reserved 1048576K
}
Event: 4.300 {metaspace After GC invocations=8 (full 0):
 Metaspace       used 62148K, committed 62656K, reserved 1114112K
  class space    used 15954K, committed 16128K, reserved 1048576K
}
Event: 4.310 {metaspace Before GC invocations=8 (full 0):
 Metaspace       used 62486K, committed 62976K, reserved 1114112K
  class space    used 16040K, committed 16256K, reserved 1048576K
}
Event: 4.319 {metaspace After GC invocations=9 (full 0):
 Metaspace       used 62486K, committed 62976K, reserved 1114112K
  class space    used 16040K, committed 16256K, reserved 1048576K
}
Event: 4.332 {metaspace Before GC invocations=9 (full 0):
 Metaspace       used 62854K, committed 63296K, reserved 1114112K
  class space    used 16145K, committed 16320K, reserved 1048576K
}
Event: 4.340 {metaspace After GC invocations=10 (full 0):
 Metaspace       used 62854K, committed 63296K, reserved 1114112K
  class space    used 16145K, committed 16320K, reserved 1048576K
}
Event: 6.185 {metaspace Before GC invocations=11 (full 0):
 Metaspace       used 105250K, committed 106048K, reserved 1179648K
  class space    used 28194K, committed 28544K, reserved 1048576K
}
Event: 6.207 {metaspace After GC invocations=12 (full 0):
 Metaspace       used 105250K, committed 106048K, reserved 1179648K
  class space    used 28194K, committed 28544K, reserved 1048576K
}
Event: 6.215 {metaspace Before GC invocations=12 (full 0):
 Metaspace       used 105569K, committed 106368K, reserved 1179648K
  class space    used 28338K, committed 28672K, reserved 1048576K
}
Event: 6.235 {metaspace After GC invocations=13 (full 0):
 Metaspace       used 105569K, committed 106368K, reserved 1179648K
  class space    used 28338K, committed 28672K, reserved 1048576K
}
Event: 6.241 {metaspace Before GC invocations=13 (full 0):
 Metaspace       used 105894K, committed 106688K, reserved 1179648K
  class space    used 28507K, committed 28800K, reserved 1048576K
}
Event: 6.262 {metaspace After GC invocations=14 (full 0):
 Metaspace       used 105894K, committed 106688K, reserved 1179648K
  class space    used 28507K, committed 28800K, reserved 1048576K
}

Dll operation events (20 events):
Event: 0.048 Attempting to load shared library /usr/lib/jvm/java-27-openjdk/lib/libnet.so
Event: 0.048 Loaded shared library /usr/lib/jvm/java-27-openjdk/lib/libnet.so
Event: 0.322 Attempting to load shared library /usr/lib/jvm/java-27-openjdk/lib/libmanagement.so
Event: 0.322 Loaded shared library /usr/lib/jvm/java-27-openjdk/lib/libmanagement.so
Event: 0.322 Attempting to load shared library /usr/lib/jvm/java-27-openjdk/lib/libmanagement_ext.so
Event: 0.322 Loaded shared library /usr/lib/jvm/java-27-openjdk/lib/libmanagement_ext.so
Event: 0.409 Attempting to load shared library /usr/lib/jvm/java-27-openjdk/lib/libverify.so
Event: 0.409 Loaded shared library /usr/lib/jvm/java-27-openjdk/lib/libverify.so
Event: 1.012 Attempting to load shared library /home/carmen/.cache/JNA/temp/jna15857460379111023091.tmp
Event: 1.012 Loaded shared library /home/carmen/.cache/JNA/temp/jna15857460379111023091.tmp
Event: 4.655 Attempting to load shared library /tmp/native-13255324181085686562.so
Event: 4.655 Loaded shared library /tmp/native-13255324181085686562.so
Event: 4.657 Attempting to load shared library /tmp/native-15256437289453111708.so
Event: 4.657 Loaded shared library /tmp/native-15256437289453111708.so
Event: 4.904 Attempting to load shared library /usr/lib/jvm/java-27-openjdk/lib/libextnet.so
Event: 4.904 Loaded shared library /usr/lib/jvm/java-27-openjdk/lib/libextnet.so
Event: 5.549 Attempting to load shared library /run/nedia/carmen/change/Projects/Potato/server/config/spark/tmp/spark-359c691e887-libasyncProfiler.so.tmp
Event: 5.557 Loaded shared library /run/nedia/carmen/change/Projects/Potato/server/config/spark/tmp/spark-359c691e887-libasyncProfiler.so.tmp
Event: 5.612 Attempting to load shared library /tmp/libnetty_transport_native_epoll_x86_642523204840468006443.so
Event: 5.612 Loaded shared library /tmp/libnetty_transport_native_epoll_x86_642523204840468006443.so

Deoptimization events (20 events):
Event: 8.452 Thread 0x00007ff981d1cfe0 DEOPT PACKING pc=0x00007ff9705c40b0 sp=0x00007ff900b100a0
Event: 8.452 Thread 0x00007ff981d1cfe0 DEOPT UNPACKING pc=0x00007ff96f788479 sp=0x00007ff900b10040 mode 2
Event: 9.452 Thread 0x00007ff981d1cfe0 Uncommon trap: trap_request=0xffffffbe fr.pc=0x00007ff9705c40b0 relative=0x0000000000000a30
Event: 9.452 Thread 0x00007ff981d1cfe0 Uncommon trap: reason=profile_predicate action=maybe_recompile pc=0x00007ff9705c40b0 method=java.math.MutableBigInteger.add(Ljava/math/MutableBigInteger;)V @ 68 c2
Event: 9.452 Thread 0x00007ff981d1cfe0 DEOPT PACKING pc=0x00007ff9705c40b0 sp=0x00007ff900b100a0
Event: 9.452 Thread 0x00007ff981d1cfe0 DEOPT UNPACKING pc=0x00007ff96f788479 sp=0x00007ff900b10040 mode 2
Event: 12.452 Thread 0x00007ff981d1cfe0 Uncommon trap: trap_request=0xffffffbe fr.pc=0x00007ff9705c40b0 relative=0x0000000000000a30
Event: 12.452 Thread 0x00007ff981d1cfe0 Uncommon trap: reason=profile_predicate action=maybe_recompile pc=0x00007ff9705c40b0 method=java.math.MutableBigInteger.add(Ljava/math/MutableBigInteger;)V @ 68 c2
Event: 12.452 Thread 0x00007ff981d1cfe0 DEOPT PACKING pc=0x00007ff9705c40b0 sp=0x00007ff900b100a0
Event: 12.452 Thread 0x00007ff981d1cfe0 DEOPT UNPACKING pc=0x00007ff96f788479 sp=0x00007ff900b10040 mode 2
Event: 14.452 Thread 0x00007ff981d1cfe0 Uncommon trap: trap_request=0xffffffbe fr.pc=0x00007ff9705c40b0 relative=0x0000000000000a30
Event: 14.452 Thread 0x00007ff981d1cfe0 Uncommon trap: reason=profile_predicate action=maybe_recompile pc=0x00007ff9705c40b0 method=java.math.MutableBigInteger.add(Ljava/math/MutableBigInteger;)V @ 68 c2
Event: 14.452 Thread 0x00007ff981d1cfe0 DEOPT PACKING pc=0x00007ff9705c40b0 sp=0x00007ff900b100a0
Event: 14.452 Thread 0x00007ff981d1cfe0 DEOPT UNPACKING pc=0x00007ff96f788479 sp=0x00007ff900b10040 mode 2
Event: 15.820 Thread 0x00007ff981b336e0 Uncommon trap: trap_request=0xffffffc6 fr.pc=0x00007ff9703a8540 relative=0x0000000000000640
Event: 15.820 Thread 0x00007ff981b336e0 Uncommon trap: reason=bimorphic action=maybe_recompile pc=0x00007ff9703a8540 method=java.util.HashMap.removeNode(ILjava/lang/Object;Ljava/lang/Object;ZZ)Ljava/util/HashMap$Node; @ 283 c2
Event: 15.820 Thread 0x00007ff981b336e0 DEOPT PACKING pc=0x00007ff9703a8540 sp=0x00007ff8f67fd720
Event: 15.820 Thread 0x00007ff981b336e0 DEOPT UNPACKING pc=0x00007ff96f788479 sp=0x00007ff8f67fd638 mode 2
Event: 17.802 Thread 0x00007ff981d1cfe0 DEOPT PACKING pc=0x00007ff968c97c12 sp=0x00007ff900b0fe70
Event: 17.802 Thread 0x00007ff981d1cfe0 DEOPT UNPACKING pc=0x00007ff96f6ad36f sp=0x00007ff900b0f368 mode 0

Classes loaded (20 events):
Event: 6.545 Loading class java/util/stream/ReferencePipeline$5
Event: 6.545 Loading class java/util/stream/ReferencePipeline$5 done
Event: 6.545 Loading class java/util/stream/ReferencePipeline$5$1
Event: 6.545 Loading class java/util/stream/ReferencePipeline$5$1 done
Event: 6.546 Loading class jdk/internal/util/NullableKeyValueHolder
Event: 6.547 Loading class jdk/internal/util/NullableKeyValueHolder done
Event: 15.510 Loading class java/util/Spliterators$EmptySpliterator$OfInt
Event: 15.510 Loading class java/util/Spliterators$EmptySpliterator$OfInt done
Event: 15.510 Loading class java/util/stream/Nodes$IntSpinedNodeBuilder
Event: 15.510 Loading class java/util/stream/SpinedBuffer$OfInt
Event: 15.511 Loading class java/util/stream/SpinedBuffer$OfInt done
Event: 15.511 Loading class java/util/stream/Nodes$IntSpinedNodeBuilder done
Event: 15.511 Loading class java/util/DualPivotQuicksort$SortOperation
Event: 15.511 Loading class java/util/DualPivotQuicksort$SortOperation done
Event: 15.820 Loading class sun/security/ssl/Alert
Event: 15.821 Loading class sun/security/ssl/Alert done
Event: 15.821 Loading class sun/security/ssl/Alert$AlertConsumer
Event: 15.821 Loading class sun/security/ssl/Alert$AlertConsumer done
Event: 15.821 Loading class sun/security/ssl/Alert$Level
Event: 15.821 Loading class sun/security/ssl/Alert$Level done

Classes unloaded (7 events):
Event: 3.083 Thread 0x00007ff980133ff0 Unloading class 0x000000008909a800 'net/minecraft/bundler/Main$$Lambda+0x000000008909a800'
Event: 3.083 Thread 0x00007ff980133ff0 Unloading class 0x000000008909a400 'net/minecraft/bundler/Main$$Lambda+0x000000008909a400'
Event: 3.083 Thread 0x00007ff980133ff0 Unloading class 0x000000008909a000 'net/minecraft/bundler/Main$FileEntry'
Event: 3.083 Thread 0x00007ff980133ff0 Unloading class 0x0000000089099c00 'net/minecraft/bundler/Main$$Lambda+0x0000000089099c00'
Event: 3.083 Thread 0x00007ff980133ff0 Unloading class 0x0000000089099800 'net/minecraft/bundler/Main$$Lambda+0x0000000089099800'
Event: 3.083 Thread 0x00007ff980133ff0 Unloading class 0x0000000089098400 'net/minecraft/bundler/Main$ResourceParser'
Event: 3.083 Thread 0x00007ff980133ff0 Unloading class 0x0000000089098000 'net/minecraft/bundler/Main'

Classes redefined (0 events):
No events

Internal exceptions (20 events):
Event: 64.541 Thread 0x00007ff918286a10 Exception <a 'sun/nio/fs/UnixException'{0x0000000785b7b758}> (0x0000000785b7b758) 
thrown [/usr/src/debug/java-openjdk/jdk27u-jdk-27-35/src/hotspot/share/prims/jni.cpp, line 511]
Event: 64.541 Thread 0x00007ff918286a10 Exception <a 'sun/nio/fs/UnixException'{0x0000000785b7c108}> (0x0000000785b7c108) 
thrown [/usr/src/debug/java-openjdk/jdk27u-jdk-27-35/src/hotspot/share/prims/jni.cpp, line 511]
Event: 64.541 Thread 0x00007ff918286a10 Exception <a 'sun/nio/fs/UnixException'{0x0000000785b7cab8}> (0x0000000785b7cab8) 
thrown [/usr/src/debug/java-openjdk/jdk27u-jdk-27-35/src/hotspot/share/prims/jni.cpp, line 511]
Event: 64.541 Thread 0x00007ff918286a10 Exception <a 'sun/nio/fs/UnixException'{0x0000000785b7d478}> (0x0000000785b7d478) 
thrown [/usr/src/debug/java-openjdk/jdk27u-jdk-27-35/src/hotspot/share/prims/jni.cpp, line 511]
Event: 64.541 Thread 0x00007ff918286a10 Exception <a 'sun/nio/fs/UnixException'{0x0000000785b7de38}> (0x0000000785b7de38) 
thrown [/usr/src/debug/java-openjdk/jdk27u-jdk-27-35/src/hotspot/share/prims/jni.cpp, line 511]
Event: 64.541 Thread 0x00007ff918286a10 Exception <a 'sun/nio/fs/UnixException'{0x0000000785b7ec60}> (0x0000000785b7ec60) 
thrown [/usr/src/debug/java-openjdk/jdk27u-jdk-27-35/src/hotspot/share/prims/jni.cpp, line 511]
Event: 64.541 Thread 0x00007ff918286a10 Exception <a 'sun/nio/fs/UnixException'{0x0000000785b7f610}> (0x0000000785b7f610) 
thrown [/usr/src/debug/java-openjdk/jdk27u-jdk-27-35/src/hotspot/share/prims/jni.cpp, line 511]
Event: 64.541 Thread 0x00007ff918286a10 Exception <a 'sun/nio/fs/UnixException'{0x0000000785b7ffc0}> (0x0000000785b7ffc0) 
thrown [/usr/src/debug/java-openjdk/jdk27u-jdk-27-35/src/hotspot/share/prims/jni.cpp, line 511]
Event: 64.541 Thread 0x00007ff918286a10 Exception <a 'sun/nio/fs/UnixException'{0x0000000785b80980}> (0x0000000785b80980) 
thrown [/usr/src/debug/java-openjdk/jdk27u-jdk-27-35/src/hotspot/share/prims/jni.cpp, line 511]
Event: 64.541 Thread 0x00007ff918286a10 Exception <a 'sun/nio/fs/UnixException'{0x0000000785b81340}> (0x0000000785b81340) 
thrown [/usr/src/debug/java-openjdk/jdk27u-jdk-27-35/src/hotspot/share/prims/jni.cpp, line 511]
Event: 65.541 Thread 0x00007ff918286a10 Exception <a 'sun/nio/fs/UnixException'{0x0000000785b82a70}> (0x0000000785b82a70) 
thrown [/usr/src/debug/java-openjdk/jdk27u-jdk-27-35/src/hotspot/share/prims/jni.cpp, line 511]
Event: 65.541 Thread 0x00007ff918286a10 Exception <a 'sun/nio/fs/UnixException'{0x0000000785b83420}> (0x0000000785b83420) 
thrown [/usr/src/debug/java-openjdk/jdk27u-jdk-27-35/src/hotspot/share/prims/jni.cpp, line 511]
Event: 65.541 Thread 0x00007ff918286a10 Exception <a 'sun/nio/fs/UnixException'{0x0000000785b83dd0}> (0x0000000785b83dd0) 
thrown [/usr/src/debug/java-openjdk/jdk27u-jdk-27-35/src/hotspot/share/prims/jni.cpp, line 511]
Event: 65.541 Thread 0x00007ff918286a10 Exception <a 'sun/nio/fs/UnixException'{0x0000000785b84790}> (0x0000000785b84790) 
thrown [/usr/src/debug/java-openjdk/jdk27u-jdk-27-35/src/hotspot/share/prims/jni.cpp, line 511]
Event: 65.541 Thread 0x00007ff918286a10 Exception <a 'sun/nio/fs/UnixException'{0x0000000785b85150}> (0x0000000785b85150) 
thrown [/usr/src/debug/java-openjdk/jdk27u-jdk-27-35/src/hotspot/share/prims/jni.cpp, line 511]
Event: 65.541 Thread 0x00007ff918286a10 Exception <a 'sun/nio/fs/UnixException'{0x0000000785b85f68}> (0x0000000785b85f68) 
thrown [/usr/src/debug/java-openjdk/jdk27u-jdk-27-35/src/hotspot/share/prims/jni.cpp, line 511]
Event: 65.541 Thread 0x00007ff918286a10 Exception <a 'sun/nio/fs/UnixException'{0x0000000785b86918}> (0x0000000785b86918) 
thrown [/usr/src/debug/java-openjdk/jdk27u-jdk-27-35/src/hotspot/share/prims/jni.cpp, line 511]
Event: 65.541 Thread 0x00007ff918286a10 Exception <a 'sun/nio/fs/UnixException'{0x0000000785b872c8}> (0x0000000785b872c8) 
thrown [/usr/src/debug/java-openjdk/jdk27u-jdk-27-35/src/hotspot/share/prims/jni.cpp, line 511]
Event: 65.541 Thread 0x00007ff918286a10 Exception <a 'sun/nio/fs/UnixException'{0x0000000785b87c88}> (0x0000000785b87c88) 
thrown [/usr/src/debug/java-openjdk/jdk27u-jdk-27-35/src/hotspot/share/prims/jni.cpp, line 511]
Event: 65.541 Thread 0x00007ff918286a10 Exception <a 'sun/nio/fs/UnixException'{0x0000000785b88648}> (0x0000000785b88648) 
thrown [/usr/src/debug/java-openjdk/jdk27u-jdk-27-35/src/hotspot/share/prims/jni.cpp, line 511]

VM Operations (20 events):
Event: 6.241 Executing safepoint VM operation: CollectForMetadataAllocation (Metadata GC Threshold)
Event: 6.262 Executing safepoint VM operation: CollectForMetadataAllocation (Metadata GC Threshold) done
Event: 6.295 Executing safepoint VM operation: G1PauseRemark
Event: 6.301 Executing safepoint VM operation: G1PauseRemark done
Event: 6.316 Executing safepoint VM operation: G1PauseCleanup
Event: 6.316 Executing safepoint VM operation: G1PauseCleanup done
Event: 6.331 Executing non-safepoint VM operation: HandshakeAllThreads (Deoptimize)
Event: 6.331 Executing non-safepoint VM operation: HandshakeAllThreads (Deoptimize) done
Event: 6.338 Executing non-safepoint VM operation: HandshakeAllThreads (Deoptimize)
Event: 6.338 Executing non-safepoint VM operation: HandshakeAllThreads (Deoptimize) done
Event: 6.387 Executing non-safepoint VM operation: HandshakeAllThreads (Deoptimize)
Event: 6.387 Executing non-safepoint VM operation: HandshakeAllThreads (Deoptimize) done
Event: 6.408 Executing non-safepoint VM operation: HandshakeAllThreads (Deoptimize)
Event: 6.408 Executing non-safepoint VM operation: HandshakeAllThreads (Deoptimize) done
Event: 6.409 Executing non-safepoint VM operation: HandshakeAllThreads (Deoptimize)
Event: 6.409 Executing non-safepoint VM operation: HandshakeAllThreads (Deoptimize) done
Event: 6.469 Executing non-safepoint VM operation: HandshakeAllThreads (Deoptimize)
Event: 6.469 Executing non-safepoint VM operation: HandshakeAllThreads (Deoptimize) done
Event: 6.545 Executing non-safepoint VM operation: HandshakeAllThreads (Deoptimize)
Event: 6.545 Executing non-safepoint VM operation: HandshakeAllThreads (Deoptimize) done

Memory protections (20 events):
Event: 6.157 Protecting memory [0x00007ff95d6f0000,0x00007ff95d6f4000] with protection modes 0
Event: 6.160 Protecting memory [0x00007ff8f51ef000,0x00007ff8f51f3000] with protection modes 0
Event: 6.161 Protecting memory [0x00007ff95d8f2000,0x00007ff95d8f6000] with protection modes 0
Event: 6.163 Protecting memory [0x00007ff8f50ee000,0x00007ff8f50f2000] with protection modes 0
Event: 6.164 Protecting memory [0x00007ff8f4fed000,0x00007ff8f4ff1000] with protection modes 0
Event: 6.265 Protecting memory [0x00007ff8f4eec000,0x00007ff8f4ef0000] with protection modes 0
Event: 6.266 Protecting memory [0x00007ff8f4deb000,0x00007ff8f4def000] with protection modes 0
Event: 6.269 Protecting memory [0x00007ff8f4cea000,0x00007ff8f4cee000] with protection modes 0
Event: 6.452 Protecting memory [0x00007ff8f4be9000,0x00007ff8f4bed000] with protection modes 0
Event: 12.803 Protecting memory [0x00007ff95ddf7000,0x00007ff95ddfb000] with protection modes 0
Event: 14.953 Protecting memory [0x00007ff95def8000,0x00007ff95defc000] with protection modes 0
Event: 14.953 Protecting memory [0x00007ff95ddf7000,0x00007ff95ddfb000] with protection modes 0
Event: 16.002 Protecting memory [0x00007ff95ddf7000,0x00007ff95ddfb000] with protection modes 0
Event: 25.602 Protecting memory [0x00007ff8f66ff000,0x00007ff8f6703000] with protection modes 0
Event: 25.603 Protecting memory [0x00007ff95dff9000,0x00007ff95dffd000] with protection modes 0
Event: 25.603 Protecting memory [0x00007ff95def8000,0x00007ff95defc000] with protection modes 0
Event: 32.002 Protecting memory [0x00007ff8f66ff000,0x00007ff8f6703000] with protection modes 0
Event: 32.002 Protecting memory [0x00007ff95dff9000,0x00007ff95dffd000] with protection modes 0
Event: 32.002 Protecting memory [0x00007ff95def8000,0x00007ff95defc000] with protection modes 0
Event: 59.753 Protecting memory [0x00007ff8f66ff000,0x00007ff8f6703000] with protection modes 0

Nmethod flushes (20 events):
Event: 6.298 Thread 0x00007ff980133ff0 flushing  nmethod 0x00007ff968407b88
Event: 6.298 Thread 0x00007ff980133ff0 flushing  nmethod 0x00007ff968408288
Event: 6.298 Thread 0x00007ff980133ff0 flushing  nmethod 0x00007ff96850e388
Event: 6.298 Thread 0x00007ff980133ff0 flushing  nmethod 0x00007ff96850e708
Event: 6.298 Thread 0x00007ff980133ff0 flushing  nmethod 0x00007ff9685a3e08
Event: 6.298 Thread 0x00007ff980133ff0 flushing  nmethod 0x00007ff968654488
Event: 6.298 Thread 0x00007ff980133ff0 flushing  nmethod 0x00007ff968657308
Event: 6.298 Thread 0x00007ff980133ff0 flushing  nmethod 0x00007ff968658988
Event: 6.298 Thread 0x00007ff980133ff0 flushing  nmethod 0x00007ff9686d3988
Event: 6.298 Thread 0x00007ff980133ff0 flushing  nmethod 0x00007ff9689fc388
Event: 6.298 Thread 0x00007ff980133ff0 flushing  nmethod 0x00007ff9689fca08
Event: 6.298 Thread 0x00007ff980133ff0 flushing  nmethod 0x00007ff9689fdd08
Event: 6.298 Thread 0x00007ff980133ff0 flushing  nmethod 0x00007ff9689ff108
Event: 6.298 Thread 0x00007ff980133ff0 flushing  nmethod 0x00007ff968a00108
Event: 6.298 Thread 0x00007ff980133ff0 flushing  nmethod 0x00007ff968b75f88
Event: 6.298 Thread 0x00007ff980133ff0 flushing  nmethod 0x00007ff968bf4388
Event: 6.298 Thread 0x00007ff980133ff0 flushing  nmethod 0x00007ff968bf6188
Event: 6.298 Thread 0x00007ff980133ff0 flushing  nmethod 0x00007ff968bf6a88
Event: 6.298 Thread 0x00007ff980133ff0 flushing  nmethod 0x00007ff968bf6d88
Event: 6.298 Thread 0x00007ff980133ff0 flushing  nmethod 0x00007ff968bf7488

Events (20 events):
Event: 16.002 Thread 0x00007ff980146a60 Thread added: 0x00007ff92802ebd0
Event: 16.752 Thread 0x00007ff92802ebd0 Thread exited: 0x00007ff92802ebd0
Event: 17.952 Thread 0x00007ff9282e00e0 Thread exited: 0x00007ff9282e00e0
Event: 20.541 Thread 0x00007ff928039650 Thread exited: 0x00007ff928039650
Event: 20.823 Thread 0x00007ff981b336e0 Thread exited: 0x00007ff981b336e0
Event: 25.602 Thread 0x00007ff980146a60 Thread added: 0x00007ff9280fe580
Event: 25.603 Thread 0x00007ff980146a60 Thread added: 0x00007ff9280ff2c0
Event: 25.603 Thread 0x00007ff980146a60 Thread added: 0x00007ff9281004c0
Event: 26.541 Thread 0x00007ff9281004c0 Thread exited: 0x00007ff9281004c0
Event: 26.541 Thread 0x00007ff9280ff2c0 Thread exited: 0x00007ff9280ff2c0
Event: 26.752 Thread 0x00007ff9280fe580 Thread exited: 0x00007ff9280fe580
Event: 32.002 Thread 0x00007ff980146a60 Thread added: 0x00007ff928005510
Event: 32.002 Thread 0x00007ff980146a60 Thread added: 0x00007ff9280063a0
Event: 32.002 Thread 0x00007ff980146a60 Thread added: 0x00007ff928007360
Event: 34.052 Thread 0x00007ff928007360 Thread exited: 0x00007ff928007360
Event: 34.902 Thread 0x00007ff9280063a0 Thread exited: 0x00007ff9280063a0
Event: 35.252 Thread 0x00007ff928005510 Thread exited: 0x00007ff928005510
Event: 59.753 Thread 0x00007ff980145150 Thread added: 0x00007ff9243c5220
Event: 61.802 Thread 0x00007ff9243c5220 Thread exited: 0x00007ff9243c5220
Event: 64.653 Thread 0x00007ff980e499f0 Thread exited: 0x00007ff980e499f0


Dynamic libraries:
88000000-88001000 ---p 00000000 00:00 0 
88001000-88db6000 rw-p 00001000 00:1c 1037805                            /usr/lib/jvm/java-27-openjdk/lib/server/classes.jsa
88db6000-89000000 ---p 00000000 00:00 0 
89000000-89040000 rw-p 00000000 00:00 0 
89040000-89060000 rw-p 00000000 00:00 0 
89060000-890c0000 rw-p 00000000 00:00 0 
890c0000-89100000 rw-p 00000000 00:00 0 
89100000-891c0000 rw-p 00000000 00:00 0 
891c0000-89240000 rw-p 00000000 00:00 0 
89240000-89280000 rw-p 00000000 00:00 0 
89280000-894c0000 rw-p 00000000 00:00 0 
894c0000-89500000 rw-p 00000000 00:00 0 
89500000-8a4c0000 rw-p 00000000 00:00 0 
8a4c0000-8a540000 rw-p 00000000 00:00 0 
8a540000-8a680000 rw-p 00000000 00:00 0 
8a680000-8a6c0000 rw-p 00000000 00:00 0 
8a6c0000-8a700000 rw-p 00000000 00:00 0 
8a700000-8a9c0000 rw-p 00000000 00:00 0 
8a9c0000-8aa40000 rw-p 00000000 00:00 0 
8aa40000-8ace0000 rw-p 00000000 00:00 0 
8ace0000-c9000000 ---p 00000000 00:00 0 
640000000-78cc00000 rw-p 00000000 00:00 0 
78cc00000-7ffc00000 ---p 00000000 00:00 0 
7ffc00000-7ffd13000 rw-p 00dec000 00:1c 1037805                          /usr/lib/jvm/java-27-openjdk/lib/server/classes.jsa
7ffd13000-800000000 rw-p 00000000 00:00 0 
55d48f309000-55d48f30a000 r--p 00000000 00:1c 1037537                    /usr/lib/jvm/java-27-openjdk/bin/java
55d48f30a000-55d48f30b000 r-xp 00001000 00:1c 1037537                    /usr/lib/jvm/java-27-openjdk/bin/java
55d48f30b000-55d48f30c000 r--p 00002000 00:1c 1037537                    /usr/lib/jvm/java-27-openjdk/bin/java
55d48f30c000-55d48f30d000 r--p 00002000 00:1c 1037537                    /usr/lib/jvm/java-27-openjdk/bin/java
55d48f30d000-55d48f30e000 rw-p 00003000 00:1c 1037537                    /usr/lib/jvm/java-27-openjdk/bin/java
55d4b15fc000-55d4b3633000 rw-p 00000000 00:00 0                          [heap]
7ff8f4be8000-7ff8f4be9000 rw-p 00000000 00:00 0 
7ff8f4be9000-7ff8f4bed000 ---p 00000000 00:00 0 
7ff8f4bed000-7ff8f4cea000 rw-p 00000000 00:00 0 
7ff8f4cea000-7ff8f4cee000 ---p 00000000 00:00 0 
7ff8f4cee000-7ff8f4deb000 rw-p 00000000 00:00 0 
7ff8f4deb000-7ff8f4def000 ---p 00000000 00:00 0 
7ff8f4def000-7ff8f4eec000 rw-p 00000000 00:00 0 
7ff8f4eec000-7ff8f4ef0000 ---p 00000000 00:00 0 
7ff8f4ef0000-7ff8f4fed000 rw-p 00000000 00:00 0 
7ff8f4fed000-7ff8f4ff1000 ---p 00000000 00:00 0 
7ff8f4ff1000-7ff8f50ee000 rw-p 00000000 00:00 0 
7ff8f50ee000-7ff8f50f2000 ---p 00000000 00:00 0 
7ff8f50f2000-7ff8f51ef000 rw-p 00000000 00:00 0 
7ff8f51ef000-7ff8f51f3000 ---p 00000000 00:00 0 
7ff8f51f3000-7ff8f52f0000 rw-p 00000000 00:00 0 
7ff8f52f0000-7ff8f52f4000 ---p 00000000 00:00 0 
7ff8f52f4000-7ff8f53f1000 rw-p 00000000 00:00 0 
7ff8f53f1000-7ff8f53f5000 ---p 00000000 00:00 0 
7ff8f53f5000-7ff8f54f2000 rw-p 00000000 00:00 0 
7ff8f54f2000-7ff8f54f6000 ---p 00000000 00:00 0 
7ff8f54f6000-7ff8f55f3000 rw-p 00000000 00:00 0 
7ff8f55f3000-7ff8f55f7000 ---p 00000000 00:00 0 
7ff8f55f7000-7ff8f56f4000 rw-p 00000000 00:00 0 
7ff8f56f4000-7ff8f56f8000 ---p 00000000 00:00 0 
7ff8f56f8000-7ff8f57f5000 rw-p 00000000 00:00 0 
7ff8f57f5000-7ff8f57f9000 ---p 00000000 00:00 0 
7ff8f57f9000-7ff8f58f6000 rw-p 00000000 00:00 0 
7ff8f58f6000-7ff8f58fa000 ---p 00000000 00:00 0 
7ff8f58fa000-7ff8f59f7000 rw-p 00000000 00:00 0 
7ff8f59f7000-7ff8f59fb000 ---p 00000000 00:00 0 
7ff8f59fb000-7ff8f5af8000 rw-p 00000000 00:00 0 
7ff8f5af8000-7ff8f5afc000 ---p 00000000 00:00 0 
7ff8f5afc000-7ff8f5bf9000 rw-p 00000000 00:00 0 
7ff8f5bf9000-7ff8f5bfd000 ---p 00000000 00:00 0 
7ff8f5bfd000-7ff8f5cfa000 rw-p 00000000 00:00 0 
7ff8f5cfa000-7ff8f5cfe000 ---p 00000000 00:00 0 
7ff8f5cfe000-7ff8f5dfb000 rw-p 00000000 00:00 0 
7ff8f5dfb000-7ff8f5dff000 ---p 00000000 00:00 0 
7ff8f5dff000-7ff8f5efc000 rw-p 00000000 00:00 0 
7ff8f5efc000-7ff8f5f00000 ---p 00000000 00:00 0 
7ff8f5f00000-7ff8f5ffd000 rw-p 00000000 00:00 0 
7ff8f5ffd000-7ff8f6001000 ---p 00000000 00:00 0 
7ff8f6001000-7ff8f60fe000 rw-p 00000000 00:00 0 
7ff8f60fe000-7ff8f6102000 ---p 00000000 00:00 0 
7ff8f6102000-7ff8f61ff000 rw-p 00000000 00:00 0 
7ff8f61ff000-7ff8f6203000 ---p 00000000 00:00 0 
7ff8f6203000-7ff8f6300000 rw-p 00000000 00:00 0 
7ff8f6300000-7ff8f6304000 ---p 00000000 00:00 0 
7ff8f6304000-7ff8f6400000 rw-p 00000000 00:00 0 
7ff8f6400000-7ff8f6412000 r-xp 00000000 00:37 675                        /tmp/libnetty_transport_native_epoll_x86_642523204840468006443.so (deleted)
7ff8f6412000-7ff8f6611000 ---p 00012000 00:37 675                        /tmp/libnetty_transport_native_epoll_x86_642523204840468006443.so (deleted)
7ff8f6611000-7ff8f6613000 r--p 00011000 00:37 675                        /tmp/libnetty_transport_native_epoll_x86_642523204840468006443.so (deleted)
7ff8f6613000-7ff8f6614000 rw-p 00000000 00:00 0 
7ff8f66fe000-7ff8f66ff000 rw-p 00000000 00:00 0 
7ff8f66ff000-7ff8f6703000 ---p 00000000 00:00 0 
7ff8f6703000-7ff8f7800000 rw-p 00000000 00:00 0 
7ff8f7800000-7ff8f81e0000 rw-p 00000000 00:00 0 
7ff8f81e0000-7ff8f8200000 rw-p 00000000 00:00 0 
7ff8f8200000-7ff8f8480000 rw-p 00000000 00:00 0 
7ff8f8480000-7ff8f8500000 rw-p 00000000 00:00 0 
7ff8f8500000-7ff8f86c0000 rw-p 00000000 00:00 0 
7ff8f86c0000-7ff8f8700000 ---p 00000000 00:00 0 
7ff8f8700000-7ff8f8e70000 rw-p 00000000 00:00 0 
7ff8f8e70000-7ff8fc000000 ---p 00000000 00:00 0 
7ff8fc000000-7ff8fee2b000 rw-p 00000000 00:00 0 
7ff8fee2b000-7ff900000000 ---p 00000000 00:00 0 
7ff90008e000-7ff90008f000 rw-p 00000000 00:00 0 
7ff90008f000-7ff900093000 ---p 00000000 00:00 0 
7ff900093000-7ff900190000 rw-p 00000000 00:00 0 
7ff900190000-7ff900194000 ---p 00000000 00:00 0 
7ff900194000-7ff900291000 rw-p 00000000 00:00 0 
7ff900291000-7ff900295000 ---p 00000000 00:00 0 
7ff900295000-7ff900392000 rw-p 00000000 00:00 0 
7ff900392000-7ff900396000 ---p 00000000 00:00 0 
7ff900396000-7ff900492000 rw-p 00000000 00:00 0 
7ff900492000-7ff900693000 rw-p 00000000 00:00 0 
7ff900693000-7ff900699000 r--p 00000000 103:05 1396                      /run/nedia/carmen/change/Projects/Potato/server/config/spark/tmp/spark-359c691e887-libasyncProfiler.so.tmp
7ff900699000-7ff9006ea000 r-xp 00006000 103:05 1396                      /run/nedia/carmen/change/Projects/Potato/server/config/spark/tmp/spark-359c691e887-libasyncProfiler.so.tmp
7ff9006ea000-7ff9006ff000 r--p 00057000 103:05 1396                      /run/nedia/carmen/change/Projects/Potato/server/config/spark/tmp/spark-359c691e887-libasyncProfiler.so.tmp
7ff9006ff000-7ff900700000 ---p 0006c000 103:05 1396                      /run/nedia/carmen/change/Projects/Potato/server/config/spark/tmp/spark-359c691e887-libasyncProfiler.so.tmp
7ff900700000-7ff900702000 r--p 0006c000 103:05 1396                      /run/nedia/carmen/change/Projects/Potato/server/config/spark/tmp/spark-359c691e887-libasyncProfiler.so.tmp
7ff900702000-7ff900703000 rw-p 0006e000 103:05 1396                      /run/nedia/carmen/change/Projects/Potato/server/config/spark/tmp/spark-359c691e887-libasyncProfiler.so.tmp
7ff900703000-7ff90070e000 rw-p 00000000 00:00 0 
7ff90070e000-7ff90070f000 rw-p 00000000 00:00 0 
7ff90070f000-7ff900713000 ---p 00000000 00:00 0 
7ff900713000-7ff900810000 rw-p 00000000 00:00 0 
7ff900810000-7ff900814000 ---p 00000000 00:00 0 
7ff900814000-7ff900911000 rw-p 00000000 00:00 0 
7ff900911000-7ff900915000 ---p 00000000 00:00 0 
7ff900915000-7ff900a12000 rw-p 00000000 00:00 0 
7ff900a12000-7ff900a16000 ---p 00000000 00:00 0 
7ff900a16000-7ff900b13000 rw-p 00000000 00:00 0 
7ff900b13000-7ff900b17000 ---p 00000000 00:00 0 
7ff900b17000-7ff900c14000 rw-p 00000000 00:00 0 
7ff900c14000-7ff900c18000 ---p 00000000 00:00 0 
7ff900c18000-7ff900d15000 rw-p 00000000 00:00 0 
7ff900d15000-7ff900d19000 ---p 00000000 00:00 0 
7ff900d19000-7ff900e16000 rw-p 00000000 00:00 0 
7ff900e16000-7ff900e1a000 ---p 00000000 00:00 0 
7ff900e1a000-7ff900f17000 rw-p 00000000 00:00 0 
7ff900f17000-7ff900f1b000 ---p 00000000 00:00 0 
7ff900f1b000-7ff901018000 rw-p 00000000 00:00 0 
7ff901018000-7ff90101c000 ---p 00000000 00:00 0 
7ff90101c000-7ff901119000 rw-p 00000000 00:00 0 
7ff901119000-7ff90111d000 ---p 00000000 00:00 0 
7ff90111d000-7ff90121a000 rw-p 00000000 00:00 0 
7ff90121a000-7ff90121e000 ---p 00000000 00:00 0 
7ff90121e000-7ff90131a000 rw-p 00000000 00:00 0 
7ff90131a000-7ff901326000 r--p 00000000 00:1c 8535                       /usr/lib/libzstd.so.1.5.7
7ff901326000-7ff9013ed000 r-xp 0000c000 00:1c 8535                       /usr/lib/libzstd.so.1.5.7
7ff9013ed000-7ff9013fe000 r--p 000d3000 00:1c 8535                       /usr/lib/libzstd.so.1.5.7
7ff9013fe000-7ff9013ff000 r--p 000e4000 00:1c 8535                       /usr/lib/libzstd.so.1.5.7
7ff9013ff000-7ff901400000 rw-p 000e5000 00:1c 8535                       /usr/lib/libzstd.so.1.5.7
7ff901400000-7ff901453000 r--p 00000000 00:1c 1177926                    /usr/lib/libcrypto.so.3
7ff901453000-7ff901800000 r-xp 00053000 00:1c 1177926                    /usr/lib/libcrypto.so.3
7ff901800000-7ff901926000 r--p 00400000 00:1c 1177926                    /usr/lib/libcrypto.so.3
7ff901926000-7ff9019a4000 r--p 00526000 00:1c 1177926                    /usr/lib/libcrypto.so.3
7ff9019a4000-7ff9019a7000 rw-p 005a4000 00:1c 1177926                    /usr/lib/libcrypto.so.3
7ff9019a7000-7ff9019aa000 rw-p 00000000 00:00 0 
7ff9019db000-7ff9019dc000 r--p 00000000 00:1c 8051                       /usr/lib/libbrotlicommon.so.1.2.0
7ff9019dc000-7ff9019dd000 r-xp 00001000 00:1c 8051                       /usr/lib/libbrotlicommon.so.1.2.0
7ff9019dd000-7ff9019fc000 r--p 00002000 00:1c 8051                       /usr/lib/libbrotlicommon.so.1.2.0
7ff9019fc000-7ff9019fd000 r--p 00021000 00:1c 8051                       /usr/lib/libbrotlicommon.so.1.2.0
7ff9019fd000-7ff9019fe000 rw-p 00022000 00:1c 8051                       /usr/lib/libbrotlicommon.so.1.2.0
7ff9019fe000-7ff9019ff000 rw-p 00000000 00:00 0 
7ff9019ff000-7ff901a03000 ---p 00000000 00:00 0 
7ff901a03000-7ff901b00000 rw-p 00000000 00:00 0 
7ff901b00000-7ff901b04000 ---p 00000000 00:00 0 
7ff901b04000-7ff901c00000 rw-p 00000000 00:00 0 
7ff901c00000-7ff901c1e000 r-xp 00000000 00:1c 3031261                    /home/carmen/.cache/JNA/temp/jna15857460379111023091.tmp (deleted)
7ff901c1e000-7ff901e1d000 ---p 0001e000 00:1c 3031261                    /home/carmen/.cache/JNA/temp/jna15857460379111023091.tmp (deleted)
7ff901e1d000-7ff901e1e000 rw-p 0001d000 00:1c 3031261                    /home/carmen/.cache/JNA/temp/jna15857460379111023091.tmp (deleted)
7ff901e1e000-7ff901e2f000 rw-p 00000000 00:00 0 
7ff901e2f000-7ff901e3f000 rw-p 00000000 00:00 0 
7ff901e3f000-7ff901e40000 r--p 00000000 00:1c 8057                       /usr/lib/libbrotlienc.so.1.2.0
7ff901e40000-7ff901ead000 r-xp 00001000 00:1c 8057                       /usr/lib/libbrotlienc.so.1.2.0
7ff901ead000-7ff901efd000 r--p 0006e000 00:1c 8057                       /usr/lib/libbrotlienc.so.1.2.0
7ff901efd000-7ff901efe000 r--p 000bd000 00:1c 8057                       /usr/lib/libbrotlienc.so.1.2.0
7ff901efe000-7ff901eff000 rw-p 000be000 00:1c 8057                       /usr/lib/libbrotlienc.so.1.2.0
7ff901eff000-7ff902000000 rw-p 00000000 00:00 0 
7ff902000000-7ff906179000 rw-p 00000000 00:00 0 
7ff906179000-7ff908000000 ---p 00000000 00:00 0 
7ff908000000-7ff90af52000 rw-p 00000000 00:00 0 
7ff90af52000-7ff90c000000 ---p 00000000 00:00 0 
7ff90c000000-7ff90c561000 rw-p 00000000 00:00 0 
7ff90c561000-7ff910000000 ---p 00000000 00:00 0 
7ff910000000-7ff9125f1000 rw-p 00000000 00:00 0 
7ff9125f1000-7ff914000000 ---p 00000000 00:00 0 
7ff914000000-7ff91466b000 rw-p 00000000 00:00 0 
7ff91466b000-7ff918000000 ---p 00000000 00:00 0 
7ff918000000-7ff91b34a000 rw-p 00000000 00:00 0 
7ff91b34a000-7ff91c000000 ---p 00000000 00:00 0 
7ff91c000000-7ff91c021000 rw-p 00000000 00:00 0 
7ff91c021000-7ff920000000 ---p 00000000 00:00 0 
7ff920000000-7ff92002d000 rw-p 00000000 00:00 0 
7ff92002d000-7ff924000000 ---p 00000000 00:00 0 
7ff924000000-7ff926fcb000 rw-p 00000000 00:00 0 
7ff926fcb000-7ff928000000 ---p 00000000 00:00 0 
7ff928000000-7ff928560000 rw-p 00000000 00:00 0 
7ff928560000-7ff92c000000 ---p 00000000 00:00 0 
7ff92c000000-7ff92c057000 rw-p 00000000 00:00 0 
7ff92c057000-7ff930000000 ---p 00000000 00:00 0 
7ff930000000-7ff93005b000 rw-p 00000000 00:00 0 
7ff93005b000-7ff934000000 ---p 00000000 00:00 0 
7ff934000000-7ff934400000 rw-p 00000000 00:00 0 
7ff934400000-7ff934740000 rw-p 00000000 00:00 0 
7ff934740000-7ff934780000 rw-p 00000000 00:00 0 
7ff934780000-7ff9348c0000 rw-p 00000000 00:00 0 
7ff9348c0000-7ff934900000 rw-p 00000000 00:00 0 
7ff934900000-7ff934b00000 rw-p 00000000 00:00 0 
7ff934b00000-7ff934c00000 rw-p 00000000 00:00 0 
7ff934c00000-7ff935300000 rw-p 00000000 00:00 0 
7ff935300000-7ff935400000 rw-p 00000000 00:00 0 
7ff935400000-7ff9359e0000 rw-p 00000000 00:00 0 
7ff9359e0000-7ff936240000 rw-p 00000000 00:00 0 
7ff936240000-7ff936280000 rw-p 00000000 00:00 0 
7ff936280000-7ff937800000 rw-p 00000000 00:00 0 
7ff937800000-7ff937880000 rw-p 00000000 00:00 0 
7ff937880000-7ff937900000 rw-p 00000000 00:00 0 
7ff937900000-7ff937b00000 rw-p 00000000 00:00 0 
7ff937b00000-7ff937c00000 rw-p 00000000 00:00 0 
7ff937c00000-7ff937d80000 rw-p 00000000 00:00 0 
7ff937d80000-7ff937f80000 rw-p 00000000 00:00 0 
7ff937f80000-7ff938000000 rw-p 00000000 00:00 0 
7ff938000000-7ff93a791000 rw-p 00000000 00:00 0 
7ff93a791000-7ff93c000000 ---p 00000000 00:00 0 
7ff93c000000-7ff93e41c000 rw-p 00000000 00:00 0 
7ff93e41c000-7ff940000000 ---p 00000000 00:00 0 
7ff940000000-7ff94276e000 rw-p 00000000 00:00 0 
7ff94276e000-7ff944000000 ---p 00000000 00:00 0 
7ff944000000-7ff9465a1000 rw-p 00000000 00:00 0 
7ff9465a1000-7ff948000000 ---p 00000000 00:00 0 
7ff948000000-7ff94a06c000 rw-p 00000000 00:00 0 
7ff94a06c000-7ff94c000000 ---p 00000000 00:00 0 
7ff94c000000-7ff94f276000 rw-p 00000000 00:00 0 
7ff94f276000-7ff950000000 ---p 00000000 00:00 0 
7ff950000000-7ff95016a000 rw-p 00000000 00:00 0 
7ff95016a000-7ff954000000 ---p 00000000 00:00 0 
7ff954000000-7ff956875000 rw-p 00000000 00:00 0 
7ff956875000-7ff958000000 ---p 00000000 00:00 0 
7ff958000000-7ff95804b000 rw-p 00000000 00:00 0 
7ff95804b000-7ff95c000000 ---p 00000000 00:00 0 
7ff95c001000-7ff95c002000 r--p 00000000 00:1c 1112016                    /usr/lib/librt.so.1
7ff95c002000-7ff95c003000 r-xp 00001000 00:1c 1112016                    /usr/lib/librt.so.1
7ff95c003000-7ff95c004000 r--p 00002000 00:1c 1112016                    /usr/lib/librt.so.1
7ff95c004000-7ff95c005000 r--p 00002000 00:1c 1112016                    /usr/lib/librt.so.1
7ff95c005000-7ff95c006000 rw-p 00003000 00:1c 1112016                    /usr/lib/librt.so.1
7ff95c006000-7ff95c007000 r--p 00000000 00:1c 8054                       /usr/lib/libbrotlidec.so.1.2.0
7ff95c007000-7ff95c010000 r-xp 00001000 00:1c 8054                       /usr/lib/libbrotlidec.so.1.2.0
7ff95c010000-7ff95c013000 r--p 0000a000 00:1c 8054                       /usr/lib/libbrotlidec.so.1.2.0
7ff95c013000-7ff95c014000 r--p 0000c000 00:1c 8054                       /usr/lib/libbrotlidec.so.1.2.0
7ff95c014000-7ff95c015000 rw-p 0000d000 00:1c 8054                       /usr/lib/libbrotlidec.so.1.2.0
7ff95c015000-7ff95c01a000 r--p 00000000 00:1c 1059184                    /usr/lib/libudev.so.1.7.15
7ff95c01a000-7ff95c048000 r-xp 00005000 00:1c 1059184                    /usr/lib/libudev.so.1.7.15
7ff95c048000-7ff95c05f000 r--p 00033000 00:1c 1059184                    /usr/lib/libudev.so.1.7.15
7ff95c05f000-7ff95c064000 r--p 0004a000 00:1c 1059184                    /usr/lib/libudev.so.1.7.15
7ff95c064000-7ff95c065000 rw-p 0004f000 00:1c 1059184                    /usr/lib/libudev.so.1.7.15
7ff95c065000-7ff95ce74000 rw-p 00000000 00:00 0 
7ff95ce74000-7ff95ce78000 ---p 00000000 00:00 0 
7ff95ce78000-7ff95cf75000 rw-p 00000000 00:00 0 
7ff95cf75000-7ff95cf79000 ---p 00000000 00:00 0 
7ff95cf79000-7ff95d076000 rw-p 00000000 00:00 0 
7ff95d076000-7ff95d07a000 ---p 00000000 00:00 0 
7ff95d07a000-7ff95d177000 rw-p 00000000 00:00 0 
7ff95d177000-7ff95d17b000 ---p 00000000 00:00 0 
7ff95d17b000-7ff95d278000 rw-p 00000000 00:00 0 
7ff95d278000-7ff95d27c000 ---p 00000000 00:00 0 
7ff95d27c000-7ff95d379000 rw-p 00000000 00:00 0 
7ff95d379000-7ff95d37d000 ---p 00000000 00:00 0 
7ff95d37d000-7ff95d47a000 rw-p 00000000 00:00 0 
7ff95d47a000-7ff95d47e000 ---p 00000000 00:00 0 
7ff95d47e000-7ff95d57b000 rw-p 00000000 00:00 0 
7ff95d57b000-7ff95d57f000 ---p 00000000 00:00 0 
7ff95d57f000-7ff95d67b000 rw-p 00000000 00:00 0 
7ff95d67b000-7ff95d67f000 r--p 00000000 00:1c 1059176                    /usr/lib/libnss_mymachines.so.2
7ff95d67f000-7ff95d6d0000 r-xp 00004000 00:1c 1059176                    /usr/lib/libnss_mymachines.so.2
7ff95d6d0000-7ff95d6ea000 r--p 00055000 00:1c 1059176                    /usr/lib/libnss_mymachines.so.2
7ff95d6ea000-7ff95d6ee000 r--p 0006f000 00:1c 1059176                    /usr/lib/libnss_mymachines.so.2
7ff95d6ee000-7ff95d6ef000 rw-p 00073000 00:1c 1059176                    /usr/lib/libnss_mymachines.so.2
7ff95d6ef000-7ff95d6f0000 rw-p 00000000 00:00 0 
7ff95d6f0000-7ff95d6f4000 ---p 00000000 00:00 0 
7ff95d6f4000-7ff95d7f1000 rw-p 00000000 00:00 0 
7ff95d7f1000-7ff95d7f5000 ---p 00000000 00:00 0 
7ff95d7f5000-7ff95d8f2000 rw-p 00000000 00:00 0 
7ff95d8f2000-7ff95d8f6000 ---p 00000000 00:00 0 
7ff95d8f6000-7ff95d9f3000 rw-p 00000000 00:00 0 
7ff95d9f3000-7ff95d9f7000 ---p 00000000 00:00 0 
7ff95d9f7000-7ff95daf4000 rw-p 00000000 00:00 0 
7ff95daf4000-7ff95daf8000 ---p 00000000 00:00 0 
7ff95daf8000-7ff95dbf5000 rw-p 00000000 00:00 0 
7ff95dbf5000-7ff95dbf9000 ---p 00000000 00:00 0 
7ff95dbf9000-7ff95dcf6000 rw-p 00000000 00:00 0 
7ff95dcf6000-7ff95dcfa000 ---p 00000000 00:00 0 
7ff95dcfa000-7ff95ddf7000 rw-p 00000000 00:00 0 
7ff95ddf7000-7ff95ddfb000 ---p 00000000 00:00 0 
7ff95ddfb000-7ff95def8000 rw-p 00000000 00:00 0 
7ff95def8000-7ff95defc000 ---p 00000000 00:00 0 
7ff95defc000-7ff95dff9000 rw-p 00000000 00:00 0 
7ff95dff9000-7ff95dffd000 ---p 00000000 00:00 0 
7ff95dffd000-7ff95e0fa000 rw-p 00000000 00:00 0 
7ff95e0fa000-7ff95e0fe000 ---p 00000000 00:00 0 
7ff95e0fe000-7ff95e1fb000 rw-p 00000000 00:00 0 
7ff95e1fb000-7ff95e1ff000 ---p 00000000 00:00 0 
7ff95e1ff000-7ff95e2fc000 rw-p 00000000 00:00 0 
7ff95e2fc000-7ff95e300000 ---p 00000000 00:00 0 
7ff95e300000-7ff95e3fd000 rw-p 00000000 00:00 0 
7ff95e3fd000-7ff95e401000 ---p 00000000 00:00 0 
7ff95e401000-7ff95e4fe000 rw-p 00000000 00:00 0 
7ff95e4fe000-7ff95e502000 ---p 00000000 00:00 0 
7ff95e502000-7ff95e5ff000 rw-p 00000000 00:00 0 
7ff95e5ff000-7ff95e603000 ---p 00000000 00:00 0 
7ff95e603000-7ff95e700000 rw-p 00000000 00:00 0 
7ff95e700000-7ff95e704000 ---p 00000000 00:00 0 
7ff95e704000-7ff95e800000 rw-p 00000000 00:00 0 
7ff95e800000-7ff95efdc000 r--p 00000000 00:1c 1114284                    /usr/lib/locale/locale-archive
7ff95efdf000-7ff95efe0000 r--p 00000000 00:1c 1112011                    /usr/lib/libpthread.so.0
7ff95efe0000-7ff95efe1000 r-xp 00001000 00:1c 1112011                    /usr/lib/libpthread.so.0
7ff95efe1000-7ff95efe2000 r--p 00002000 00:1c 1112011                    /usr/lib/libpthread.so.0
7ff95efe2000-7ff95efe3000 r--p 00002000 00:1c 1112011                    /usr/lib/libpthread.so.0
7ff95efe3000-7ff95efe4000 rw-p 00003000 00:1c 1112011                    /usr/lib/libpthread.so.0
7ff95efe4000-7ff95efe5000 r--p 00000000 00:1c 1111989                    /usr/lib/libdl.so.2
7ff95efe5000-7ff95efe6000 r-xp 00001000 00:1c 1111989                    /usr/lib/libdl.so.2
7ff95efe6000-7ff95efe7000 r--p 00002000 00:1c 1111989                    /usr/lib/libdl.so.2
7ff95efe7000-7ff95efe8000 r--p 00002000 00:1c 1111989                    /usr/lib/libdl.so.2
7ff95efe8000-7ff95efe9000 rw-p 00003000 00:1c 1111989                    /usr/lib/libdl.so.2
7ff95efe9000-7ff95efeb000 r--p 00000000 00:37 672                        /tmp/native-13255324181085686562.so
7ff95efeb000-7ff95eff7000 r-xp 00002000 00:37 672                        /tmp/native-13255324181085686562.so
7ff95eff7000-7ff95eff9000 r--p 0000e000 00:37 672                        /tmp/native-13255324181085686562.so
7ff95eff9000-7ff95effa000 ---p 00010000 00:37 672                        /tmp/native-13255324181085686562.so
7ff95effa000-7ff95effb000 r--p 00010000 00:37 672                        /tmp/native-13255324181085686562.so
7ff95effb000-7ff95effc000 rw-p 00011000 00:37 672                        /tmp/native-13255324181085686562.so
7ff95effc000-7ff95effd000 rw-p 00000000 00:00 0 
7ff95effd000-7ff95f001000 ---p 00000000 00:00 0 
7ff95f001000-7ff95f1ff000 rw-p 00000000 00:00 0 
7ff95f1ff000-7ff95f203000 ---p 00000000 00:00 0 
7ff95f203000-7ff95f400000 rw-p 00000000 00:00 0 
7ff95f400000-7ff964730000 rw-p 00000000 00:00 0 
7ff964730000-7ff9663f0000 ---p 00000000 00:00 0 
7ff9663f0000-7ff966e66000 rw-p 00000000 00:00 0 
7ff966e66000-7ff9671fe000 ---p 00000000 00:00 0 
7ff9671fe000-7ff967c66000 rw-p 00000000 00:00 0 
7ff967c66000-7ff967ffe000 ---p 00000000 00:00 0 
7ff967ffe000-7ff968000000 rw-p 00000000 00:00 0 
7ff968003000-7ff968004000 r--p 00000000 00:1c 1037766                    /usr/lib/jvm/java-27-openjdk/lib/libextnet.so
7ff968004000-7ff968005000 r-xp 00001000 00:1c 1037766                    /usr/lib/jvm/java-27-openjdk/lib/libextnet.so
7ff968005000-7ff968006000 r--p 00002000 00:1c 1037766                    /usr/lib/jvm/java-27-openjdk/lib/libextnet.so
7ff968006000-7ff968007000 r--p 00002000 00:1c 1037766                    /usr/lib/jvm/java-27-openjdk/lib/libextnet.so
7ff968007000-7ff968008000 rw-p 00003000 00:1c 1037766                    /usr/lib/jvm/java-27-openjdk/lib/libextnet.so
7ff968008000-7ff96800b000 r--p 00000000 00:1c 1059177                    /usr/lib/libnss_resolve.so.2
7ff96800b000-7ff96803f000 r-xp 00003000 00:1c 1059177                    /usr/lib/libnss_resolve.so.2
7ff96803f000-7ff968058000 r--p 00037000 00:1c 1059177                    /usr/lib/libnss_resolve.so.2
7ff968058000-7ff96805f000 r--p 00050000 00:1c 1059177                    /usr/lib/libnss_resolve.so.2
7ff96805f000-7ff968060000 rw-p 00057000 00:1c 1059177                    /usr/lib/libnss_resolve.so.2
7ff968060000-7ff968061000 r--p 00000000 00:1c 1037792                    /usr/lib/jvm/java-27-openjdk/lib/libsimdsort.so
7ff968061000-7ff96809b000 r-xp 00001000 00:1c 1037792                    /usr/lib/jvm/java-27-openjdk/lib/libsimdsort.so
7ff96809b000-7ff9680a1000 r--p 0003b000 00:1c 1037792                    /usr/lib/jvm/java-27-openjdk/lib/libsimdsort.so
7ff9680a1000-7ff9680a2000 r--p 00040000 00:1c 1037792                    /usr/lib/jvm/java-27-openjdk/lib/libsimdsort.so
7ff9680a2000-7ff9680a3000 rw-p 00041000 00:1c 1037792                    /usr/lib/jvm/java-27-openjdk/lib/libsimdsort.so
7ff9680a3000-7ff9680fe000 rw-p 00000000 00:00 0 
7ff9680fe000-7ff9681ff000 rw-p 00000000 00:00 0 
7ff9681ff000-7ff96952f000 rwxp 00000000 00:00 0 
7ff96952f000-7ff96f65f000 ---p 00000000 00:00 0 
7ff96f65f000-7ff96fa9f000 rwxp 00000000 00:00 0 
7ff96fa9f000-7ff96fda0000 ---p 00000000 00:00 0 
7ff96fda0000-7ff9706d0000 rwxp 00000000 00:00 0 
7ff9706d0000-7ff977200000 ---p 00000000 00:00 0 
7ff977200000-7ff97fed5000 r--s 00000000 00:1c 1037797                    /usr/lib/jvm/java-27-openjdk/lib/modules
7ff97fed7000-7ff97fed8000 r--p 00000000 00:37 674                        /tmp/native-15256437289453111708.so
7ff97fed8000-7ff97fed9000 r-xp 00001000 00:37 674                        /tmp/native-15256437289453111708.so
7ff97fed9000-7ff97feda000 r--p 00002000 00:37 674                        /tmp/native-15256437289453111708.so
7ff97feda000-7ff97fedb000 r--p 00002000 00:37 674                        /tmp/native-15256437289453111708.so
7ff97fedb000-7ff97fedc000 rw-p 00003000 00:37 674                        /tmp/native-15256437289453111708.so
7ff97fedc000-7ff97fedd000 rw-p 00000000 00:00 0 
7ff97fedd000-7ff97fee1000 ---p 00000000 00:00 0 
7ff97fee1000-7ff980000000 rw-p 00000000 00:00 0 
7ff980000000-7ff981d38000 rw-p 00000000 00:00 0 
7ff981d38000-7ff984000000 ---p 00000000 00:00 0 
7ff984000000-7ff984007000 r--s 00000000 00:1c 1114287                    /usr/lib/gconv/gconv-modules.cache
7ff984007000-7ff984009000 r--p 00000000 00:1c 1037795                    /usr/lib/jvm/java-27-openjdk/lib/libverify.so
7ff984009000-7ff984012000 r-xp 00002000 00:1c 1037795                    /usr/lib/jvm/java-27-openjdk/lib/libverify.so
7ff984012000-7ff984014000 r--p 0000b000 00:1c 1037795                    /usr/lib/jvm/java-27-openjdk/lib/libverify.so
7ff984014000-7ff984016000 r--p 0000c000 00:1c 1037795                    /usr/lib/jvm/java-27-openjdk/lib/libverify.so
7ff984016000-7ff984017000 rw-p 0000e000 00:1c 1037795                    /usr/lib/jvm/java-27-openjdk/lib/libverify.so
7ff984017000-7ff984019000 r--p 00000000 00:1c 1037784                    /usr/lib/jvm/java-27-openjdk/lib/libmanagement_ext.so
7ff984019000-7ff98401c000 r-xp 00002000 00:1c 1037784                    /usr/lib/jvm/java-27-openjdk/lib/libmanagement_ext.so
7ff98401c000-7ff98401e000 r--p 00005000 00:1c 1037784                    /usr/lib/jvm/java-27-openjdk/lib/libmanagement_ext.so
7ff98401e000-7ff98401f000 r--p 00006000 00:1c 1037784                    /usr/lib/jvm/java-27-openjdk/lib/libmanagement_ext.so
7ff98401f000-7ff984020000 rw-p 00007000 00:1c 1037784                    /usr/lib/jvm/java-27-openjdk/lib/libmanagement_ext.so
7ff984020000-7ff984022000 r--p 00000000 00:1c 1037782                    /usr/lib/jvm/java-27-openjdk/lib/libmanagement.so
7ff984022000-7ff984023000 r-xp 00002000 00:1c 1037782                    /usr/lib/jvm/java-27-openjdk/lib/libmanagement.so
7ff984023000-7ff984024000 r--p 00003000 00:1c 1037782                    /usr/lib/jvm/java-27-openjdk/lib/libmanagement.so
7ff984024000-7ff984025000 r--p 00003000 00:1c 1037782                    /usr/lib/jvm/java-27-openjdk/lib/libmanagement.so
7ff984025000-7ff984026000 rw-p 00004000 00:1c 1037782                    /usr/lib/jvm/java-27-openjdk/lib/libmanagement.so
7ff984026000-7ff984028000 r--p 00000000 00:1c 1037796                    /usr/lib/jvm/java-27-openjdk/lib/libzip.so
7ff984028000-7ff98402c000 r-xp 00002000 00:1c 1037796                    /usr/lib/jvm/java-27-openjdk/lib/libzip.so
7ff98402c000-7ff98402e000 r--p 00006000 00:1c 1037796                    /usr/lib/jvm/java-27-openjdk/lib/libzip.so
7ff98402e000-7ff98402f000 r--p 00007000 00:1c 1037796                    /usr/lib/jvm/java-27-openjdk/lib/libzip.so
7ff98402f000-7ff984030000 rw-p 00008000 00:1c 1037796                    /usr/lib/jvm/java-27-openjdk/lib/libzip.so
7ff984030000-7ff984032000 r--p 00000000 00:1c 1037786                    /usr/lib/jvm/java-27-openjdk/lib/libnet.so
7ff984032000-7ff984039000 r-xp 00002000 00:1c 1037786                    /usr/lib/jvm/java-27-openjdk/lib/libnet.so
7ff984039000-7ff98403b000 r--p 00009000 00:1c 1037786                    /usr/lib/jvm/java-27-openjdk/lib/libnet.so
7ff98403b000-7ff98403c000 r--p 0000a000 00:1c 1037786                    /usr/lib/jvm/java-27-openjdk/lib/libnet.so
7ff98403c000-7ff98403d000 rw-p 0000b000 00:1c 1037786                    /usr/lib/jvm/java-27-openjdk/lib/libnet.so
7ff98403d000-7ff9840ff000 rw-p 00000000 00:00 0 
7ff9840ff000-7ff984200000 rw-p 00000000 00:00 0 
7ff984200000-7ff984c66000 rw-p 00000000 00:00 0 
7ff984c66000-7ff984ffe000 ---p 00000000 00:00 0 
7ff984ffe000-7ff985000000 rw-p 00000000 00:00 0 
7ff985004000-7ff985005000 rw-p 00000000 00:00 0 
7ff985005000-7ff98500c000 r--p 00000000 00:1c 1037787                    /usr/lib/jvm/java-27-openjdk/lib/libnio.so
7ff98500c000-7ff985015000 r-xp 00007000 00:1c 1037787                    /usr/lib/jvm/java-27-openjdk/lib/libnio.so
7ff985015000-7ff98501a000 r--p 00010000 00:1c 1037787                    /usr/lib/jvm/java-27-openjdk/lib/libnio.so
7ff98501a000-7ff98501b000 r--p 00014000 00:1c 1037787                    /usr/lib/jvm/java-27-openjdk/lib/libnio.so
7ff98501b000-7ff98501c000 rw-p 00015000 00:1c 1037787                    /usr/lib/jvm/java-27-openjdk/lib/libnio.so
7ff98501c000-7ff98503f000 r--p 00000000 00:1c 1112705                    /usr/share/locale/zh_CN/LC_MESSAGES/libc.mo
7ff98503f000-7ff985140000 rw-p 00000000 00:00 0 
7ff985140000-7ff986412000 rw-p 00000000 00:00 0 
7ff986412000-7ff9864e8000 ---p 00000000 00:00 0 
7ff9864e8000-7ff9864f1000 rw-p 00000000 00:00 0 
7ff9864f1000-7ff9864f7000 ---p 00000000 00:00 0 
7ff9864f7000-7ff98651e000 rw-p 00000000 00:00 0 
7ff98651e000-7ff9865e0000 ---p 00000000 00:00 0 
7ff9865e0000-7ff9865ea000 r--p 00000000 00:1c 1037772                    /usr/lib/jvm/java-27-openjdk/lib/libjava.so
7ff9865ea000-7ff9865f8000 r-xp 0000a000 00:1c 1037772                    /usr/lib/jvm/java-27-openjdk/lib/libjava.so
7ff9865f8000-7ff9865fd000 r--p 00018000 00:1c 1037772                    /usr/lib/jvm/java-27-openjdk/lib/libjava.so
7ff9865fd000-7ff9865fe000 r--p 0001d000 00:1c 1037772                    /usr/lib/jvm/java-27-openjdk/lib/libjava.so
7ff9865fe000-7ff9865ff000 rw-p 0001e000 00:1c 1037772                    /usr/lib/jvm/java-27-openjdk/lib/libjava.so
7ff9865ff000-7ff986600000 rw-p 00000000 00:00 0 
7ff986600000-7ff98669a000 r--p 00000000 00:1c 4267                       /usr/lib/libstdc++.so.6.0.36
7ff98669a000-7ff98681d000 r-xp 0009a000 00:1c 4267                       /usr/lib/libstdc++.so.6.0.36
7ff98681d000-7ff9868bd000 r--p 0021d000 00:1c 4267                       /usr/lib/libstdc++.so.6.0.36
7ff9868bd000-7ff9868ce000 r--p 002bc000 00:1c 4267                       /usr/lib/libstdc++.so.6.0.36
7ff9868ce000-7ff9868cf000 rw-p 002cd000 00:1c 4267                       /usr/lib/libstdc++.so.6.0.36
7ff9868cf000-7ff9868d3000 rw-p 00000000 00:00 0 
7ff9868d3000-7ff9868d7000 ---p 00000000 00:00 0 
7ff9868d7000-7ff9869d3000 rw-p 00000000 00:00 0 
7ff9869d3000-7ff9869d7000 r--p 00000000 00:1c 4258                       /usr/lib/libgcc_s.so.1
7ff9869d7000-7ff9869fa000 r-xp 00004000 00:1c 4258                       /usr/lib/libgcc_s.so.1
7ff9869fa000-7ff9869fe000 r--p 00027000 00:1c 4258                       /usr/lib/libgcc_s.so.1
7ff9869fe000-7ff9869ff000 r--p 0002b000 00:1c 4258                       /usr/lib/libgcc_s.so.1
7ff9869ff000-7ff986a00000 rw-p 0002c000 00:1c 4258                       /usr/lib/libgcc_s.so.1
7ff986a00000-7ff986a0e000 r--p 00000000 00:1c 1037810                    /usr/lib/jvm/java-27-openjdk/lib/server/libjvm.so
7ff986a0e000-7ff9878f2000 r-xp 0000e000 00:1c 1037810                    /usr/lib/jvm/java-27-openjdk/lib/server/libjvm.so
7ff9878f2000-7ff987b27000 r--p 00ef2000 00:1c 1037810                    /usr/lib/jvm/java-27-openjdk/lib/server/libjvm.so
7ff987b27000-7ff987c17000 r--p 01126000 00:1c 1037810                    /usr/lib/jvm/java-27-openjdk/lib/server/libjvm.so
7ff987c17000-7ff987c36000 rw-p 01216000 00:1c 1037810                    /usr/lib/jvm/java-27-openjdk/lib/server/libjvm.so
7ff987c36000-7ff987cb8000 rw-p 00000000 00:00 0 
7ff987cb8000-7ff987cb9000 rw-p 00000000 00:00 0 
7ff987cb9000-7ff987cc1000 rw-s 00000000 00:37 670                        /tmp/hsperfdata_carmen/18043
7ff987cc1000-7ff987cc2000 ---p 00000000 00:00 0 
7ff987cc2000-7ff987cc3000 r--p 00000000 00:00 0 
7ff987cc3000-7ff987cc4000 r--p 00000000 00:1c 1037776                    /usr/lib/jvm/java-27-openjdk/lib/libjimage.so
7ff987cc4000-7ff987cc6000 r-xp 00001000 00:1c 1037776                    /usr/lib/jvm/java-27-openjdk/lib/libjimage.so
7ff987cc6000-7ff987cc7000 r--p 00003000 00:1c 1037776                    /usr/lib/jvm/java-27-openjdk/lib/libjimage.so
7ff987cc7000-7ff987cc8000 r--p 00003000 00:1c 1037776                    /usr/lib/jvm/java-27-openjdk/lib/libjimage.so
7ff987cc8000-7ff987cc9000 rw-p 00004000 00:1c 1037776                    /usr/lib/jvm/java-27-openjdk/lib/libjimage.so
7ff987cc9000-7ff987cd9000 r--p 00000000 00:1c 1111994                    /usr/lib/libm.so.6
7ff987cd9000-7ff987d75000 r-xp 00010000 00:1c 1111994                    /usr/lib/libm.so.6
7ff987d75000-7ff987dfe000 r--p 000ac000 00:1c 1111994                    /usr/lib/libm.so.6
7ff987dfe000-7ff987dff000 r--p 00134000 00:1c 1111994                    /usr/lib/libm.so.6
7ff987dff000-7ff987e00000 rw-p 00135000 00:1c 1111994                    /usr/lib/libm.so.6
7ff987e00000-7ff987e24000 r--p 00000000 00:1c 1111984                    /usr/lib/libc.so.6
7ff987e24000-7ff987f9f000 r-xp 00024000 00:1c 1111984                    /usr/lib/libc.so.6
7ff987f9f000-7ff988015000 r--p 0019f000 00:1c 1111984                    /usr/lib/libc.so.6
7ff988015000-7ff988019000 r--p 00214000 00:1c 1111984                    /usr/lib/libc.so.6
7ff988019000-7ff98801b000 rw-p 00218000 00:1c 1111984                    /usr/lib/libc.so.6
7ff98801b000-7ff988023000 rw-p 00000000 00:00 0 
7ff988023000-7ff988024000 ---p 00000000 00:00 0 
7ff988024000-7ff988026000 rw-p 00000000 00:00 0 
7ff988026000-7ff988029000 r--p 00000000 00:1c 7685                       /usr/lib/libz.so.1.3.2
7ff988029000-7ff988039000 r-xp 00003000 00:1c 7685                       /usr/lib/libz.so.1.3.2
7ff988039000-7ff98803f000 r--p 00013000 00:1c 7685                       /usr/lib/libz.so.1.3.2
7ff98803f000-7ff988040000 r--p 00018000 00:1c 7685                       /usr/lib/libz.so.1.3.2
7ff988040000-7ff988041000 rw-p 00019000 00:1c 7685                       /usr/lib/libz.so.1.3.2
7ff988041000-7ff988043000 r--p 00000000 00:1c 1037777                    /usr/lib/jvm/java-27-openjdk/lib/libjli.so
7ff988043000-7ff98804d000 r-xp 00002000 00:1c 1037777                    /usr/lib/jvm/java-27-openjdk/lib/libjli.so
7ff98804d000-7ff988050000 r--p 0000c000 00:1c 1037777                    /usr/lib/jvm/java-27-openjdk/lib/libjli.so
7ff988050000-7ff988051000 r--p 0000e000 00:1c 1037777                    /usr/lib/jvm/java-27-openjdk/lib/libjli.so
7ff988051000-7ff988052000 rw-p 0000f000 00:1c 1037777                    /usr/lib/jvm/java-27-openjdk/lib/libjli.so
7ff988052000-7ff988054000 rw-p 00000000 00:00 0 
7ff988054000-7ff988081000 r--p 00000000 00:1c 1333332                    /etc/ld.so.cache
7ff988081000-7ff988085000 r--p 00000000 00:00 0                          [vvar]
7ff988085000-7ff988087000 r--p 00000000 00:00 0                          [vvar_vclock]
7ff988087000-7ff988089000 r-xp 00000000 00:00 0                          [vdso]
7ff988089000-7ff98808a000 r--p 00000000 00:1c 1111975                    /usr/lib/ld-linux-x86-64.so.2
7ff98808a000-7ff9880b7000 r-xp 00001000 00:1c 1111975                    /usr/lib/ld-linux-x86-64.so.2
7ff9880b7000-7ff9880c6000 r--p 0002e000 00:1c 1111975                    /usr/lib/ld-linux-x86-64.so.2
7ff9880c6000-7ff9880c8000 r--p 0003d000 00:1c 1111975                    /usr/lib/ld-linux-x86-64.so.2
7ff9880c8000-7ff9880c9000 rw-p 0003f000 00:1c 1111975                    /usr/lib/ld-linux-x86-64.so.2
7ff9880c9000-7ff9880ca000 rw-p 00000000 00:00 0 
7fff98ca9000-7fff98cca000 rw-p 00000000 00:00 0                          [stack]
ffffffffff600000-ffffffffff601000 --xp 00000000 00:00 0                  [vsyscall]
Total number of mappings: 483

JVMTI agents: none


VM Arguments:
jvm_args: -Xms4G -Xmx7G 
java_command: fabric-server-mc.1.21.8-loader.0.19.3-launcher.1.1.1.jar nogui
java_class_path (initial): fabric-server-mc.1.21.8-loader.0.19.3-launcher.1.1.1.jar
Launcher Type: SUN_STANDARD

[Global flags]
     bool AOTAdapterCaching                        = false                                  {diagnostic} {ergonomic}
     bool AOTCompatibleOopCompression              = false                          {diagnostic lp64_product} {ergonomic}
     bool AOTInvokeDynamicLinking                  = false                                  {diagnostic} {ergonomic}
     bool AOTRecordTraining                        = false                                  {diagnostic} {ergonomic}
     bool AOTReplayTraining                        = false                                  {diagnostic} {ergonomic}
     bool AOTStubCaching                           = false                                  {diagnostic} {ergonomic}
     intx CICompilerCount                          = 12                                        {product} {ergonomic}
     uint ConcGCThreads                            = 5                                         {product} {ergonomic}
     uint G1ConcRefinementThreads                  = 18                                        {product} {ergonomic}
     uint G1EagerReclaimRemSetThreshold            = 32                                   {experimental} {ergonomic}
   size_t G1HeapRegionSize                         = 4194304                                   {product} {ergonomic}
     uint G1RemSetArrayOfCardsEntries              = 32                                   {experimental} {ergonomic}
     uint G1RemSetHowlMaxNumBuckets                = 8                                    {experimental} {ergonomic}
     uint G1RemSetHowlNumBuckets                   = 8                                    {experimental} {ergonomic}
   size_t HotCodeHeapSize                          = 0                                    {experimental} {ergonomic}
   size_t InitialHeapSize                          = 4294967296                                {product} {command line}
     bool IntelJccErratumMitigation                = false                             {ARCH diagnostic} {ergonomic}
   size_t MarkStackSize                            = 4194304                                   {product} {ergonomic}
   size_t MarkStackSizeMax                         = 536870912                                 {product} {ergonomic}
   size_t MaxHeapSize                              = 7516192768                                {product} {command line}
   size_t MaxNewSize                               = 4508876800                                {product} {ergonomic}
   size_t MinHeapDeltaBytes                        = 4194304                                   {product} {ergonomic}
   size_t MinHeapSize                              = 4294967296                                {product} {command line}
   size_t NonNMethodCodeHeapSize                   = 7606272                                {pd product} {ergonomic}
   size_t NonProfiledCodeHeapSize                  = 122028032                              {pd product} {ergonomic}
   size_t ProfiledCodeHeapSize                     = 122028032                              {pd product} {ergonomic}
   size_t ReservedCodeCacheSize                    = 251662336                              {pd product} {ergonomic}
     bool SegmentedCodeCache                       = true                                      {product} {ergonomic}
   size_t SoftMaxHeapSize                          = 7516192768                             {manageable} {ergonomic}
     bool UseCompressedOops                        = true                           {product lp64_product} {ergonomic}
     bool UseCondCardMark                          = true                                      {product} {ergonomic}
     bool UseFastUnorderedTimeStamps               = true                                 {experimental} {ergonomic}
     bool UseG1GC                                  = true                                      {product} {ergonomic}
      int X86ICacheSync                            = 3                                 {ARCH diagnostic} {ergonomic}

Logging:
Log output configuration:
 #0: stdout all=warning uptime,level,tags foldmultilines=false
 #1: stderr all=off uptime,level,tags foldmultilines=false

Release file:
IMPLEMENTOR="Arch Linux"
JAVA_RUNTIME_VERSION="27"
JAVA_VERSION="27"
JAVA_VERSION_DATE="2026-09-15"
LIBC="gnu"
MODULES="java.base java.compiler java.datatransfer java.xml java.prefs java.desktop java.instrument java.logging java.management java.security.sasl java.naming java.rmi java.management.rmi java.net.http java.scripting java.security.jgss java.transaction.xa java.sql java.sql.rowset java.xml.crypto java.se java.smartcardio jdk.accessibility jdk.internal.jvmstat jdk.attach jdk.charsets jdk.internal.opt jdk.zipfs jdk.compiler jdk.crypto.cryptoki jdk.crypto.ec jdk.dynalink jdk.internal.ed jdk.editpad jdk.hotspot.agent jdk.httpserver jdk.incubator.vector jdk.internal.le jdk.internal.md jdk.jartool jdk.javadoc jdk.jcmd jdk.management jdk.management.agent jdk.jconsole jdk.jdeps jdk.jdwp.agent jdk.jdi jdk.jfr jdk.jlink jdk.jpackage jdk.jshell jdk.jstatd jdk.localedata jdk.management.jfr jdk.naming.dns jdk.naming.rmi jdk.net jdk.nio.mapmode jdk.sctp jdk.security.auth jdk.security.jgss jdk.unsupported jdk.unsupported.desktop jdk.xml.dom"
OS_ARCH="x86_64"
OS_NAME="Linux"
SOURCE=""

Environment Variables:
PATH=/home/carmen/miniconda3/envs/mcdr/bin:/home/carmen/miniconda3/condabin:/home/carmen/.local/bin:/opt/cuda/bin:/usr/local/bin:/usr/bin:/usr/bin/site_perl:/usr/bin/vendor_perl:/usr/bin/core_perl
USERNAME=carmen
SHELL=/usr/bin/fish
DISPLAY=:0
WAYLAND_DISPLAY=wayland-1
LANG=en_US.UTF-8
TERM=xterm-ghostty

Active Locale:
LC_ALL=LC_CTYPE=en_US.UTF-8;LC_NUMERIC=en_US.UTF-8;LC_TIME=en_US.UTF-8;LC_COLLATE=en_US.UTF-8;LC_MONETARY=en_US.UTF-8;LC_MESSAGES=zh_CN.UTF-8;LC_PAPER=en_US.UTF-8;LC_NAME=en_US.UTF-8;LC_ADDRESS=en_US.UTF-8;LC_TELEPHONE=en_US.UTF-8;LC_MEASUREMENT=en_US.UTF-8;LC_IDENTIFICATION=en_US.UTF-8
LC_COLLATE=en_US.UTF-8
LC_CTYPE=en_US.UTF-8
LC_MESSAGES=zh_CN.UTF-8
LC_MONETARY=en_US.UTF-8
LC_NUMERIC=en_US.UTF-8
LC_TIME=en_US.UTF-8

Signal Handlers:
   SIGSEGV: 0x00007ff987815ee0 in libjvm.so+14769888, mask=11100100010111111101111111111110, flags=SA_RESTART|SA_SIGINFO, unblocked
    SIGBUS: 0x00007ff987815ee0 in libjvm.so+14769888, mask=11100100010111111101111111111110, flags=SA_RESTART|SA_SIGINFO, unblocked
    SIGFPE: 0x00007ff987815ee0 in libjvm.so+14769888, mask=11100100010111111101111111111110, flags=SA_RESTART|SA_SIGINFO, unblocked
   SIGPIPE: 0x00007ff987670b20 in libjvm.so+13044512, mask=11100100010111111101111111111110, flags=SA_RESTART|SA_SIGINFO, blocked
   SIGXFSZ: 0x00007ff987670b20 in libjvm.so+13044512, mask=11100100010111111101111111111110, flags=SA_RESTART|SA_SIGINFO, blocked
    SIGILL: 0x00007ff987815ee0 in libjvm.so+14769888, mask=11100100010111111101111111111110, flags=SA_RESTART|SA_SIGINFO, unblocked
   SIGUSR2: 0x00007ff987674c90 in libjvm.so+13061264, mask=00000000000000000000000000000000, flags=SA_RESTART|SA_SIGINFO, blocked
    SIGHUP: 0x00007ff987669ce0 in libjvm.so+13016288, mask=11100100010111111101111111111110, flags=SA_RESTART|SA_SIGINFO, blocked
    SIGINT: 0x00007ff987669ce0 in libjvm.so+13016288, mask=11100100010111111101111111111110, flags=SA_RESTART|SA_SIGINFO, blocked
   SIGTERM: 0x00007ff987669ce0 in libjvm.so+13016288, mask=11100100010111111101111111111110, flags=SA_RESTART|SA_SIGINFO, blocked
   SIGQUIT: 0x00007ff987669ce0 in libjvm.so+13016288, mask=11100100010111111101111111111110, flags=SA_RESTART|SA_SIGINFO, blocked
   SIGTRAP: 0x00007ff987815ee0 in libjvm.so+14769888, mask=11100100010111111101111111111110, flags=SA_RESTART|SA_SIGINFO, unblocked


Compilation memory statistics disabled.

Periodic native trim disabled

---------------  S Y S T E M  ---------------

OS:
DISTRIB_ID="Arch"
DISTRIB_RELEASE="rolling"
DISTRIB_DESCRIPTION="Arch Linux"
uname: Linux 7.2.8-zen1-2-zen #1 ZEN SMP PREEMPT_DYNAMIC Thu, 01 Oct 2026 18:14:15 +0000 x86_64
OS uptime: 0 days 1:02 hours
libc: glibc 2.44 NPTL 2.44 
rlimit (soft/hard): STACK 16384k/infinity , CORE infinity/infinity , NPROC 126903/126903 , NOFILE 524288/524288 , AS infinity/infinity , CPU infinity/infinity , DATA infinity/infinity , FSIZE infinity/infinity , MEMLOCK 8192k/8192k
load average: 0.31 0.36 0.64

/proc/meminfo:
MemTotal:       32633584 kB
MemFree:         5059408 kB
MemAvailable:   25652208 kB
Buffers:           38624 kB
Cached:         20707244 kB
SwapCached:            0 kB
Active:          6627720 kB
Inactive:       19360392 kB
Active(anon):    5165236 kB
Inactive(anon):   173464 kB
Active(file):    1462484 kB
Inactive(file): 19186928 kB
Unevictable:         152 kB
Mlocked:             152 kB
SwapTotal:       4194300 kB
SwapFree:        4194300 kB
Zswap:                 0 kB
Zswapped:              0 kB
Dirty:               812 kB
Writeback:             0 kB
AnonPages:       5209876 kB
Mapped:          1795384 kB
Shmem:            252488 kB
KReclaimable:     415316 kB
Slab:             560728 kB
SReclaimable:     300184 kB
SUnreclaim:       260544 kB
KernelStack:       24888 kB
PageTables:        62600 kB
SecPageTables:      1068 kB
NFS_Unstable:          0 kB
Bounce:                0 kB
WritebackTmp:          0 kB
CommitLimit:    20511092 kB
Committed_AS:   22365000 kB
VmallocTotal:   34359738367 kB
VmallocUsed:      160820 kB
VmallocChunk:          0 kB
Percpu:            19392 kB
HardwareCorrupted:     0 kB
AnonHugePages:   2506752 kB
ShmemHugePages:        0 kB
ShmemPmdMapped:        0 kB
FileHugePages:         0 kB
FilePmdMapped:         0 kB
CmaTotal:              0 kB
CmaFree:               0 kB
Unaccepted:            0 kB
Balloon:               0 kB
GPUActive:             0 kB
GPUReclaim:            0 kB
HugePages_Total:       0
HugePages_Free:        0
HugePages_Rsvd:        0
HugePages_Surp:        0
Hugepagesize:       2048 kB
Hugetlb:               0 kB
DirectMap4k:      831744 kB
DirectMap2M:    17829888 kB
DirectMap1G:    14680064 kB

/sys/kernel/mm/transparent_hugepage/enabled: [always] madvise never
/sys/kernel/mm/transparent_hugepage/hpage_pmd_size: 2097152
/sys/kernel/mm/transparent_hugepage/shmem_enabled: always within_size [advise] never deny force
/sys/kernel/mm/transparent_hugepage/defrag (defrag/compaction efforts parameter): always defer [defer+madvise] madvise never

Process Memory:
Virtual Size: 10849828K (peak: 10849828K)
Resident Set Size: 2231140K (peak: 2231140K) (anon: 2199112K, file: 31848K, shmem: 180K)
Swapped out: 0K
C-Heap outstanding allocations: 120201K, retained: 535954K
glibc malloc tunables: (default)

/proc/sys/kernel/threads-max (system-wide limit on the number of threads): 253806
/proc/sys/vm/max_map_count (maximum number of memory map areas a process may have): 1048576
/proc/sys/vm/swappiness (control to define how aggressively the kernel swaps out anonymous memory): 60
/proc/sys/kernel/pid_max (system-wide limit on number of process identifiers): 4194304

container information not found.
Steal ticks since vm start: 0
Steal ticks percentage since vm start:  0.000
Open File Descriptors: 315

CPU: total 24 (initial active 24) (hybrid) family 6 model 183 stepping 1 microcode 0x137, cx8, cmov, fxsr, 3dnowpref, sse, sse2, sse3, ssse3, sse4.1, sse4.2, popcnt, lzcnt, tsc, tscinvbit, avx, avx2, aes, erms, clmul, bmi1, bmi2, adx, sha, fma, vzeroupper, clflushopt, clwb, serialize, rdtscp, rdpid, fsrm, gfni, f16c, pku, ospke, cet_ibt, cet_ss, hybrid
CPU Model and flags from /proc/cpuinfo:
model name	: Intel(R) Core(TM) i7-14650HX
flags		: fpu vme de pse tsc msr pae mce cx8 apic sep mtrr pge mca cmov pat pse36 clflush dts acpi mmx fxsr sse sse2 ss ht tm pbe syscall nx pdpe1gb rdtscp lm constant_tsc art arch_perfmon pebs bts rep_good nopl xtopology nonstop_tsc cpuid aperfmperf tsc_known_freq pni pclmulqdq dtes64 monitor ds_cpl vmx est tm2 ssse3 sdbg fma cx16 xtpr pdcm pcid sse4_1 sse4_2 x2apic movbe popcnt tsc_deadline_timer aes xsave avx f16c rdrand lahf_lm abm 3dnowprefetch cpuid_fault epb ssbd ibrs ibpb stibp ibrs_enhanced tpr_shadow flexpriority ept vpid ept_ad fsgsbase tsc_adjust bmi1 avx2 smep bmi2 erms invpcid rdseed adx smap clflushopt clwb intel_pt sha_ni xsaveopt xsavec xgetbv1 xsaves split_lock_detect user_shstk avx_vnni dtherm ida arat pln pts hwp hwp_notify hwp_act_window hwp_epp hwp_pkg_req hfi vnmi umip pku ospke waitpkg gfni vaes vpclmulqdq rdpid movdiri movdir64b fsrm md_clear serialize arch_lbr ibt flush_l1d arch_capabilities

Online cpus: 0-23
Offline cpus: 
BIOS frequency limitation: <Not Available>
Frequency switch latency (ns): 0
Available cpu frequencies: <Not Available>
Current governor: powersave
Core performance/turbo boost: <Not Available>

Memory: 4k page, physical 32633584k(25652208k free), swap 4194300k(4194300k free)
Page Sizes: 4k

vm_info: OpenJDK 64-Bit Server VM (27) for linux-amd64 JRE (27), built on 2026-09-21T14:31:54Z with gcc 16.2.1 20260810

END.
